지점,지점명,일시,기온(°C)
108,서울,2022-06-02 00:01,18.1
108,서울,2022-06-02 00:02,18.1
108,서울,2022-06-02 00:03,18.1
108,서울,2022-06-02 00:04,18.1
108,서울,2022-06-02 00:05,18.1
108,서울,2022-06-02 00:06,18.1
108,서울,2022-06-02 00:07,18.1
108,서울,2022-06-02 00:08,18.1
108,서울,2022-06-02 00:09,18
108,서울,2022-06-02 00:10,18
108,서울,2022-06-02 00:11,18
108,서울,2022-06-02 00:12,18
108,서울,2022-06-02 00:13,18
108,서울,2022-06-02 00:14,18
108,서울,2022-06-02 00:15,18
108,서울,2022-06-02 00:16,18
108,서울,2022-06-02 00:17,17.9
108,서울,2022-06-02 00:18,17.9
108,서울,2022-06-02 00:19,18
108,서울,2022-06-02 00:20,17.9
108,서울,2022-06-02 00:21,18
108,서울,2022-06-02 00:22,17.9
108,서울,2022-06-02 00:23,17.9
108,서울,2022-06-02 00:24,17.9
108,서울,2022-06-02 00:25,17.9
108,서울,2022-06-02 00:26,17.9
108,서울,2022-06-02 00:27,17.9
108,서울,2022-06-02 00:28,17.9
108,서울,2022-06-02 00:29,17.9
108,서울,2022-06-02 00:30,17.9
108,서울,2022-06-02 00:31,17.8
108,서울,2022-06-02 00:32,17.8
108,서울,2022-06-02 00:33,17.8
108,서울,2022-06-02 00:34,17.8
108,서울,2022-06-02 00:35,17.8
108,서울,2022-06-02 00:36,17.8
108,서울,2022-06-02 00:37,17.8
108,서울,2022-06-02 00:38,17.8
108,서울,2022-06-02 00:39,17.8
108,서울,2022-06-02 00:40,17.8
108,서울,2022-06-02 00:41,17.8
108,서울,2022-06-02 00:42,17.8
108,서울,2022-06-02 00:43,17.8
108,서울,2022-06-02 00:44,17.8
108,서울,2022-06-02 00:45,17.8
108,서울,2022-06-02 00:46,17.8
108,서울,2022-06-02 00:47,17.8
108,서울,2022-06-02 00:48,17.8
108,서울,2022-06-02 00:49,17.7
108,서울,2022-06-02 00:50,17.7
108,서울,2022-06-02 00:51,17.7
108,서울,2022-06-02 00:52,17.7
108,서울,2022-06-02 00:53,17.7
108,서울,2022-06-02 00:54,17.7
108,서울,2022-06-02 00:55,17.7
108,서울,2022-06-02 00:56,17.7
108,서울,2022-06-02 00:57,17.6
108,서울,2022-06-02 00:58,17.6
108,서울,2022-06-02 00:59,17.6
108,서울,2022-06-02 01:00,17.6
108,서울,2022-06-02 01:01,17.7
108,서울,2022-06-02 01:02,17.6
108,서울,2022-06-02 01:03,17.6
108,서울,2022-06-02 01:04,17.6
108,서울,2022-06-02 01:05,17.6
108,서울,2022-06-02 01:06,17.6
108,서울,2022-06-02 01:07,17.6
108,서울,2022-06-02 01:08,17.6
108,서울,2022-06-02 01:09,17.6
108,서울,2022-06-02 01:10,17.6
108,서울,2022-06-02 01:11,17.6
108,서울,2022-06-02 01:12,17.6
108,서울,2022-06-02 01:13,17.6
108,서울,2022-06-02 01:14,17.6
108,서울,2022-06-02 01:15,17.6
108,서울,2022-06-02 01:16,17.6
108,서울,2022-06-02 01:17,17.6
108,서울,2022-06-02 01:18,17.6
108,서울,2022-06-02 01:19,17.6
108,서울,2022-06-02 01:20,17.5
108,서울,2022-06-02 01:21,17.5
108,서울,2022-06-02 01:22,17.5
108,서울,2022-06-02 01:23,17.5
108,서울,2022-06-02 01:24,17.5
108,서울,2022-06-02 01:25,17.5
108,서울,2022-06-02 01:26,17.5
108,서울,2022-06-02 01:27,17.5
108,서울,2022-06-02 01:28,17.6
108,서울,2022-06-02 01:29,17.5
108,서울,2022-06-02 01:30,17.5
108,서울,2022-06-02 01:31,17.5
108,서울,2022-06-02 01:32,17.5
108,서울,2022-06-02 01:33,17.4
108,서울,2022-06-02 01:34,17.4
108,서울,2022-06-02 01:35,17.4
108,서울,2022-06-02 01:36,17.4
108,서울,2022-06-02 01:37,17.4
108,서울,2022-06-02 01:38,17.4
108,서울,2022-06-02 01:39,17.4
108,서울,2022-06-02 01:40,17.3
108,서울,2022-06-02 01:41,17.3
108,서울,2022-06-02 01:42,17.3
108,서울,2022-06-02 01:43,17.3
108,서울,2022-06-02 01:44,17.2
108,서울,2022-06-02 01:45,17.2
108,서울,2022-06-02 01:46,17.2
108,서울,2022-06-02 01:47,17.2
108,서울,2022-06-02 01:48,17.2
108,서울,2022-06-02 01:49,17.2
108,서울,2022-06-02 01:50,17.1
108,서울,2022-06-02 01:51,17.1
108,서울,2022-06-02 01:52,17.1
108,서울,2022-06-02 01:53,17.1
108,서울,2022-06-02 01:54,17.1
108,서울,2022-06-02 01:55,17.2
108,서울,2022-06-02 01:56,17.2
108,서울,2022-06-02 01:57,17.2
108,서울,2022-06-02 01:58,17.2
108,서울,2022-06-02 01:59,17.2
108,서울,2022-06-02 02:00,17.2
108,서울,2022-06-02 02:01,17.2
108,서울,2022-06-02 02:02,17.2
108,서울,2022-06-02 02:03,17.2
108,서울,2022-06-02 02:04,17.2
108,서울,2022-06-02 02:05,17.1
108,서울,2022-06-02 02:06,17.1
108,서울,2022-06-02 02:07,17.1
108,서울,2022-06-02 02:08,17.1
108,서울,2022-06-02 02:09,17.1
108,서울,2022-06-02 02:10,17.1
108,서울,2022-06-02 02:11,17.1
108,서울,2022-06-02 02:12,17.1
108,서울,2022-06-02 02:13,17.1
108,서울,2022-06-02 02:14,17.1
108,서울,2022-06-02 02:15,17.1
108,서울,2022-06-02 02:16,17.1
108,서울,2022-06-02 02:17,17.1
108,서울,2022-06-02 02:18,17.1
108,서울,2022-06-02 02:19,17.2
108,서울,2022-06-02 02:20,17.1
108,서울,2022-06-02 02:21,17.1
108,서울,2022-06-02 02:22,17.1
108,서울,2022-06-02 02:23,17.1
108,서울,2022-06-02 02:24,17.1
108,서울,2022-06-02 02:25,17.1
108,서울,2022-06-02 02:26,17.1
108,서울,2022-06-02 02:27,17.1
108,서울,2022-06-02 02:28,17.1
108,서울,2022-06-02 02:29,17.1
108,서울,2022-06-02 02:30,17.1
108,서울,2022-06-02 02:31,17.1
108,서울,2022-06-02 02:32,17.1
108,서울,2022-06-02 02:33,17.1
108,서울,2022-06-02 02:34,17.1
108,서울,2022-06-02 02:35,17.1
108,서울,2022-06-02 02:36,17.1
108,서울,2022-06-02 02:37,17.1
108,서울,2022-06-02 02:38,17.1
108,서울,2022-06-02 02:39,17.1
108,서울,2022-06-02 02:40,17.1
108,서울,2022-06-02 02:41,17.1
108,서울,2022-06-02 02:42,17.1
108,서울,2022-06-02 02:43,17.1
108,서울,2022-06-02 02:44,17.1
108,서울,2022-06-02 02:45,17.1
108,서울,2022-06-02 02:46,17.1
108,서울,2022-06-02 02:47,17.1
108,서울,2022-06-02 02:48,17.1
108,서울,2022-06-02 02:49,17.1
108,서울,2022-06-02 02:50,17.2
108,서울,2022-06-02 02:51,17.2
108,서울,2022-06-02 02:52,17.2
108,서울,2022-06-02 02:53,17.2
108,서울,2022-06-02 02:54,17.2
108,서울,2022-06-02 02:55,17.2
108,서울,2022-06-02 02:56,17.2
108,서울,2022-06-02 02:57,17.2
108,서울,2022-06-02 02:58,17.2
108,서울,2022-06-02 02:59,17.2
108,서울,2022-06-02 03:00,17.2
108,서울,2022-06-02 03:01,17.2
108,서울,2022-06-02 03:02,17.2
108,서울,2022-06-02 03:03,17.2
108,서울,2022-06-02 03:04,17.2
108,서울,2022-06-02 03:05,17.2
108,서울,2022-06-02 03:06,17.2
108,서울,2022-06-02 03:07,17.2
108,서울,2022-06-02 03:08,17.2
108,서울,2022-06-02 03:09,17.2
108,서울,2022-06-02 03:10,17.2
108,서울,2022-06-02 03:11,17.2
108,서울,2022-06-02 03:12,17.2
108,서울,2022-06-02 03:13,17.2
108,서울,2022-06-02 03:14,17.2
108,서울,2022-06-02 03:15,17.2
108,서울,2022-06-02 03:16,17.2
108,서울,2022-06-02 03:17,17.2
108,서울,2022-06-02 03:18,17.2
108,서울,2022-06-02 03:19,17.2
108,서울,2022-06-02 03:20,17.2
108,서울,2022-06-02 03:21,17.3
108,서울,2022-06-02 03:22,17.3
108,서울,2022-06-02 03:23,17.3
108,서울,2022-06-02 03:24,17.3
108,서울,2022-06-02 03:25,17.3
108,서울,2022-06-02 03:26,17.3
108,서울,2022-06-02 03:27,17.3
108,서울,2022-06-02 03:28,17.3
108,서울,2022-06-02 03:29,17.3
108,서울,2022-06-02 03:30,17.3
108,서울,2022-06-02 03:31,17.3
108,서울,2022-06-02 03:32,17.3
108,서울,2022-06-02 03:33,17.3
108,서울,2022-06-02 03:34,17.3
108,서울,2022-06-02 03:35,17.3
108,서울,2022-06-02 03:36,17.3
108,서울,2022-06-02 03:37,17.3
108,서울,2022-06-02 03:38,17.3
108,서울,2022-06-02 03:39,17.3
108,서울,2022-06-02 03:40,17.3
108,서울,2022-06-02 03:41,17.2
108,서울,2022-06-02 03:42,17.2
108,서울,2022-06-02 03:43,17.2
108,서울,2022-06-02 03:44,17.2
108,서울,2022-06-02 03:45,17.2
108,서울,2022-06-02 03:46,17.2
108,서울,2022-06-02 03:47,17.2
108,서울,2022-06-02 03:48,17.2
108,서울,2022-06-02 03:49,17.2
108,서울,2022-06-02 03:50,17.2
108,서울,2022-06-02 03:51,17.2
108,서울,2022-06-02 03:52,17.2
108,서울,2022-06-02 03:53,17.2
108,서울,2022-06-02 03:54,17.2
108,서울,2022-06-02 03:55,17.2
108,서울,2022-06-02 03:56,17.2
108,서울,2022-06-02 03:57,17.2
108,서울,2022-06-02 03:58,17.2
108,서울,2022-06-02 03:59,17.2
108,서울,2022-06-02 04:00,17.2
108,서울,2022-06-02 04:01,17.2
108,서울,2022-06-02 04:02,17.2
108,서울,2022-06-02 04:03,17.2
108,서울,2022-06-02 04:04,17.3
108,서울,2022-06-02 04:05,17.2
108,서울,2022-06-02 04:06,17.2
108,서울,2022-06-02 04:07,17.2
108,서울,2022-06-02 04:08,17.2
108,서울,2022-06-02 04:09,17.3
108,서울,2022-06-02 04:10,17.3
108,서울,2022-06-02 04:11,17.3
108,서울,2022-06-02 04:12,17.3
108,서울,2022-06-02 04:13,17.3
108,서울,2022-06-02 04:14,17.3
108,서울,2022-06-02 04:15,17.3
108,서울,2022-06-02 04:16,17.3
108,서울,2022-06-02 04:17,17.3
108,서울,2022-06-02 04:18,17.3
108,서울,2022-06-02 04:19,17.3
108,서울,2022-06-02 04:20,17.4
108,서울,2022-06-02 04:21,17.4
108,서울,2022-06-02 04:22,17.3
108,서울,2022-06-02 04:23,17.4
108,서울,2022-06-02 04:24,17.4
108,서울,2022-06-02 04:25,17.4
108,서울,2022-06-02 04:26,17.4
108,서울,2022-06-02 04:27,17.4
108,서울,2022-06-02 04:28,17.4
108,서울,2022-06-02 04:29,17.4
108,서울,2022-06-02 04:30,17.4
108,서울,2022-06-02 04:31,17.4
108,서울,2022-06-02 04:32,17.5
108,서울,2022-06-02 04:33,17.5
108,서울,2022-06-02 04:34,17.5
108,서울,2022-06-02 04:35,17.5
108,서울,2022-06-02 04:36,17.5
108,서울,2022-06-02 04:37,17.5
108,서울,2022-06-02 04:38,17.5
108,서울,2022-06-02 04:39,17.5
108,서울,2022-06-02 04:40,17.5
108,서울,2022-06-02 04:41,17.5
108,서울,2022-06-02 04:42,17.5
108,서울,2022-06-02 04:43,17.5
108,서울,2022-06-02 04:44,17.5
108,서울,2022-06-02 04:45,17.5
108,서울,2022-06-02 04:46,17.5
108,서울,2022-06-02 04:47,17.5
108,서울,2022-06-02 04:48,17.5
108,서울,2022-06-02 04:49,17.6
108,서울,2022-06-02 04:50,17.6
108,서울,2022-06-02 04:51,17.6
108,서울,2022-06-02 04:52,17.6
108,서울,2022-06-02 04:53,17.6
108,서울,2022-06-02 04:54,17.6
108,서울,2022-06-02 04:55,17.6
108,서울,2022-06-02 04:56,17.6
108,서울,2022-06-02 04:57,17.6
108,서울,2022-06-02 04:58,17.6
108,서울,2022-06-02 04:59,17.6
108,서울,2022-06-02 05:00,17.6
108,서울,2022-06-02 05:01,17.6
108,서울,2022-06-02 05:02,17.6
108,서울,2022-06-02 05:03,17.6
108,서울,2022-06-02 05:04,17.6
108,서울,2022-06-02 05:05,17.6
108,서울,2022-06-02 05:06,17.6
108,서울,2022-06-02 05:07,17.6
108,서울,2022-06-02 05:08,17.6
108,서울,2022-06-02 05:09,17.6
108,서울,2022-06-02 05:10,17.7
108,서울,2022-06-02 05:11,17.7
108,서울,2022-06-02 05:12,17.6
108,서울,2022-06-02 05:13,17.6
108,서울,2022-06-02 05:14,17.6
108,서울,2022-06-02 05:15,17.6
108,서울,2022-06-02 05:16,17.6
108,서울,2022-06-02 05:17,17.6
108,서울,2022-06-02 05:18,17.6
108,서울,2022-06-02 05:19,17.6
108,서울,2022-06-02 05:20,17.7
108,서울,2022-06-02 05:21,17.6
108,서울,2022-06-02 05:22,17.6
108,서울,2022-06-02 05:23,17.6
108,서울,2022-06-02 05:24,17.6
108,서울,2022-06-02 05:25,17.6
108,서울,2022-06-02 05:26,17.6
108,서울,2022-06-02 05:27,17.6
108,서울,2022-06-02 05:28,17.6
108,서울,2022-06-02 05:29,17.6
108,서울,2022-06-02 05:30,17.7
108,서울,2022-06-02 05:31,17.7
108,서울,2022-06-02 05:32,17.7
108,서울,2022-06-02 05:33,17.7
108,서울,2022-06-02 05:34,17.7
108,서울,2022-06-02 05:35,17.7
108,서울,2022-06-02 05:36,17.7
108,서울,2022-06-02 05:37,17.7
108,서울,2022-06-02 05:38,17.7
108,서울,2022-06-02 05:39,17.7
108,서울,2022-06-02 05:40,17.7
108,서울,2022-06-02 05:41,17.7
108,서울,2022-06-02 05:42,17.7
108,서울,2022-06-02 05:43,17.7
108,서울,2022-06-02 05:44,17.7
108,서울,2022-06-02 05:45,17.7
108,서울,2022-06-02 05:46,17.7
108,서울,2022-06-02 05:47,17.7
108,서울,2022-06-02 05:48,17.7
108,서울,2022-06-02 05:49,17.7
108,서울,2022-06-02 05:50,17.7
108,서울,2022-06-02 05:51,17.7
108,서울,2022-06-02 05:52,17.7
108,서울,2022-06-02 05:53,17.7
108,서울,2022-06-02 05:54,17.8
108,서울,2022-06-02 05:55,17.8
108,서울,2022-06-02 05:56,17.8
108,서울,2022-06-02 05:57,17.8
108,서울,2022-06-02 05:58,17.8
108,서울,2022-06-02 05:59,17.8
108,서울,2022-06-02 06:00,17.8
108,서울,2022-06-02 06:01,17.8
108,서울,2022-06-02 06:02,17.8
108,서울,2022-06-02 06:03,17.8
108,서울,2022-06-02 06:04,17.8
108,서울,2022-06-02 06:05,17.8
108,서울,2022-06-02 06:06,17.8
108,서울,2022-06-02 06:07,17.9
108,서울,2022-06-02 06:08,17.9
108,서울,2022-06-02 06:09,17.9
108,서울,2022-06-02 06:10,17.9
108,서울,2022-06-02 06:11,17.9
108,서울,2022-06-02 06:12,17.9
108,서울,2022-06-02 06:13,17.9
108,서울,2022-06-02 06:14,17.9
108,서울,2022-06-02 06:15,17.9
108,서울,2022-06-02 06:16,17.9
108,서울,2022-06-02 06:17,17.9
108,서울,2022-06-02 06:18,18
108,서울,2022-06-02 06:19,18
108,서울,2022-06-02 06:20,18
108,서울,2022-06-02 06:21,18
108,서울,2022-06-02 06:22,18
108,서울,2022-06-02 06:23,18
108,서울,2022-06-02 06:24,18
108,서울,2022-06-02 06:25,18
108,서울,2022-06-02 06:26,18
108,서울,2022-06-02 06:27,18.1
108,서울,2022-06-02 06:28,18.1
108,서울,2022-06-02 06:29,18.1
108,서울,2022-06-02 06:30,18.1
108,서울,2022-06-02 06:31,18.1
108,서울,2022-06-02 06:32,18.1
108,서울,2022-06-02 06:33,18.1
108,서울,2022-06-02 06:34,18.1
108,서울,2022-06-02 06:35,18.1
108,서울,2022-06-02 06:36,18.1
108,서울,2022-06-02 06:37,18.1
108,서울,2022-06-02 06:38,18.1
108,서울,2022-06-02 06:39,18.1
108,서울,2022-06-02 06:40,18.1
108,서울,2022-06-02 06:41,18.1
108,서울,2022-06-02 06:42,18.1
108,서울,2022-06-02 06:43,18.2
108,서울,2022-06-02 06:44,18.2
108,서울,2022-06-02 06:45,18.2
108,서울,2022-06-02 06:46,18.2
108,서울,2022-06-02 06:47,18.2
108,서울,2022-06-02 06:48,18.3
108,서울,2022-06-02 06:49,18.3
108,서울,2022-06-02 06:50,18.3
108,서울,2022-06-02 06:51,18.3
108,서울,2022-06-02 06:52,18.3
108,서울,2022-06-02 06:53,18.3
108,서울,2022-06-02 06:54,18.3
108,서울,2022-06-02 06:55,18.3
108,서울,2022-06-02 06:56,18.4
108,서울,2022-06-02 06:57,18.4
108,서울,2022-06-02 06:58,18.3
108,서울,2022-06-02 06:59,18.4
108,서울,2022-06-02 07:00,18.4
108,서울,2022-06-02 07:01,18.4
108,서울,2022-06-02 07:02,18.4
108,서울,2022-06-02 07:03,18.3
108,서울,2022-06-02 07:04,18.4
108,서울,2022-06-02 07:05,18.3
108,서울,2022-06-02 07:06,18.4
108,서울,2022-06-02 07:07,18.4
108,서울,2022-06-02 07:08,18.4
108,서울,2022-06-02 07:09,18.4
108,서울,2022-06-02 07:10,18.4
108,서울,2022-06-02 07:11,18.4
108,서울,2022-06-02 07:12,18.4
108,서울,2022-06-02 07:13,18.4
108,서울,2022-06-02 07:14,18.5
108,서울,2022-06-02 07:15,18.4
108,서울,2022-06-02 07:16,18.4
108,서울,2022-06-02 07:17,18.4
108,서울,2022-06-02 07:18,18.4
108,서울,2022-06-02 07:19,18.4
108,서울,2022-06-02 07:20,18.4
108,서울,2022-06-02 07:21,18.5
108,서울,2022-06-02 07:22,18.5
108,서울,2022-06-02 07:23,18.5
108,서울,2022-06-02 07:24,18.5
108,서울,2022-06-02 07:25,18.5
108,서울,2022-06-02 07:26,18.5
108,서울,2022-06-02 07:27,18.5
108,서울,2022-06-02 07:28,18.6
108,서울,2022-06-02 07:29,18.5
108,서울,2022-06-02 07:30,18.6
108,서울,2022-06-02 07:31,18.5
108,서울,2022-06-02 07:32,18.6
108,서울,2022-06-02 07:33,18.6
108,서울,2022-06-02 07:34,18.6
108,서울,2022-06-02 07:35,18.6
108,서울,2022-06-02 07:36,18.7
108,서울,2022-06-02 07:37,18.7
108,서울,2022-06-02 07:38,18.7
108,서울,2022-06-02 07:39,18.7
108,서울,2022-06-02 07:40,18.7
108,서울,2022-06-02 07:41,18.8
108,서울,2022-06-02 07:42,18.8
108,서울,2022-06-02 07:43,18.8
108,서울,2022-06-02 07:44,18.8
108,서울,2022-06-02 07:45,18.8
108,서울,2022-06-02 07:46,18.8
108,서울,2022-06-02 07:47,18.8
108,서울,2022-06-02 07:48,18.8
108,서울,2022-06-02 07:49,18.9
108,서울,2022-06-02 07:50,18.9
108,서울,2022-06-02 07:51,18.9
108,서울,2022-06-02 07:52,18.9
108,서울,2022-06-02 07:53,18.9
108,서울,2022-06-02 07:54,18.9
108,서울,2022-06-02 07:55,18.9
108,서울,2022-06-02 07:56,18.9
108,서울,2022-06-02 07:57,18.9
108,서울,2022-06-02 07:58,18.9
108,서울,2022-06-02 07:59,18.9
108,서울,2022-06-02 08:00,19
108,서울,2022-06-02 08:01,19
108,서울,2022-06-02 08:02,19.1
108,서울,2022-06-02 08:03,19.1
108,서울,2022-06-02 08:04,19.2
108,서울,2022-06-02 08:05,19.2
108,서울,2022-06-02 08:06,19.2
108,서울,2022-06-02 08:07,19.2
108,서울,2022-06-02 08:08,19.3
108,서울,2022-06-02 08:09,19.3
108,서울,2022-06-02 08:10,19.3
108,서울,2022-06-02 08:11,19.3
108,서울,2022-06-02 08:12,19.3
108,서울,2022-06-02 08:13,19.3
108,서울,2022-06-02 08:14,19.3
108,서울,2022-06-02 08:15,19.3
108,서울,2022-06-02 08:16,19.4
108,서울,2022-06-02 08:17,19.4
108,서울,2022-06-02 08:18,19.5
108,서울,2022-06-02 08:19,19.5
108,서울,2022-06-02 08:20,19.6
108,서울,2022-06-02 08:21,19.6
108,서울,2022-06-02 08:22,19.7
108,서울,2022-06-02 08:23,19.7
108,서울,2022-06-02 08:24,19.8
108,서울,2022-06-02 08:25,19.7
108,서울,2022-06-02 08:26,19.7
108,서울,2022-06-02 08:27,19.7
108,서울,2022-06-02 08:28,19.8
108,서울,2022-06-02 08:29,19.8
108,서울,2022-06-02 08:30,19.8
108,서울,2022-06-02 08:31,19.8
108,서울,2022-06-02 08:32,19.8
108,서울,2022-06-02 08:33,19.8
108,서울,2022-06-02 08:34,19.8
108,서울,2022-06-02 08:35,19.7
108,서울,2022-06-02 08:36,19.7
108,서울,2022-06-02 08:37,19.8
108,서울,2022-06-02 08:38,19.8
108,서울,2022-06-02 08:39,19.8
108,서울,2022-06-02 08:40,19.9
108,서울,2022-06-02 08:41,20
108,서울,2022-06-02 08:42,20.1
108,서울,2022-06-02 08:43,20.2
108,서울,2022-06-02 08:44,20.3
108,서울,2022-06-02 08:45,20.4
108,서울,2022-06-02 08:46,20.4
108,서울,2022-06-02 08:47,20.4
108,서울,2022-06-02 08:48,20.4
108,서울,2022-06-02 08:49,20.5
108,서울,2022-06-02 08:50,20.6
108,서울,2022-06-02 08:51,20.6
108,서울,2022-06-02 08:52,20.6
108,서울,2022-06-02 08:53,20.6
108,서울,2022-06-02 08:54,20.7
108,서울,2022-06-02 08:55,20.8
108,서울,2022-06-02 08:56,20.8
108,서울,2022-06-02 08:57,20.9
108,서울,2022-06-02 08:58,20.9
108,서울,2022-06-02 08:59,20.9
108,서울,2022-06-02 09:00,21
108,서울,2022-06-02 09:01,21
108,서울,2022-06-02 09:02,21.1
108,서울,2022-06-02 09:03,21.1
108,서울,2022-06-02 09:04,21.2
108,서울,2022-06-02 09:05,21.2
108,서울,2022-06-02 09:06,21.3
108,서울,2022-06-02 09:07,21.4
108,서울,2022-06-02 09:08,21.4
108,서울,2022-06-02 09:09,21.4
108,서울,2022-06-02 09:10,21.5
108,서울,2022-06-02 09:11,21.5
108,서울,2022-06-02 09:12,21.5
108,서울,2022-06-02 09:13,21.4
108,서울,2022-06-02 09:14,21.4
108,서울,2022-06-02 09:15,21.3
108,서울,2022-06-02 09:16,21.3
108,서울,2022-06-02 09:17,21.3
108,서울,2022-06-02 09:18,21.3
108,서울,2022-06-02 09:19,21.4
108,서울,2022-06-02 09:20,21.4
108,서울,2022-06-02 09:21,21.3
108,서울,2022-06-02 09:22,21.2
108,서울,2022-06-02 09:23,21.2
108,서울,2022-06-02 09:24,21.1
108,서울,2022-06-02 09:25,21.1
108,서울,2022-06-02 09:26,21.1
108,서울,2022-06-02 09:27,21.2
108,서울,2022-06-02 09:28,21.3
108,서울,2022-06-02 09:29,21.3
108,서울,2022-06-02 09:30,21.3
108,서울,2022-06-02 09:31,21.3
108,서울,2022-06-02 09:32,21.4
108,서울,2022-06-02 09:33,21.5
108,서울,2022-06-02 09:34,21.5
108,서울,2022-06-02 09:35,21.5
108,서울,2022-06-02 09:36,21.5
108,서울,2022-06-02 09:37,21.5
108,서울,2022-06-02 09:38,21.5
108,서울,2022-06-02 09:39,21.6
108,서울,2022-06-02 09:40,21.7
108,서울,2022-06-02 09:41,21.7
108,서울,2022-06-02 09:42,21.8
108,서울,2022-06-02 09:43,21.8
108,서울,2022-06-02 09:44,21.9
108,서울,2022-06-02 09:45,22
108,서울,2022-06-02 09:46,22
108,서울,2022-06-02 09:47,22.2
108,서울,2022-06-02 09:48,22.3
108,서울,2022-06-02 09:49,22.3
108,서울,2022-06-02 09:50,22.4
108,서울,2022-06-02 09:51,22.3
108,서울,2022-06-02 09:52,22.3
108,서울,2022-06-02 09:53,22.3
108,서울,2022-06-02 09:54,22.4
108,서울,2022-06-02 09:55,22.5
108,서울,2022-06-02 09:56,22.6
108,서울,2022-06-02 09:57,22.6
108,서울,2022-06-02 09:58,22.6
108,서울,2022-06-02 09:59,22.5
108,서울,2022-06-02 10:00,22.5
108,서울,2022-06-02 10:01,22.4
108,서울,2022-06-02 10:02,22.4
108,서울,2022-06-02 10:03,22.5
108,서울,2022-06-02 10:04,22.6
108,서울,2022-06-02 10:05,22.6
108,서울,2022-06-02 10:06,22.6
108,서울,2022-06-02 10:07,22.5
108,서울,2022-06-02 10:08,22.5
108,서울,2022-06-02 10:09,22.6
108,서울,2022-06-02 10:10,22.6
108,서울,2022-06-02 10:11,22.7
108,서울,2022-06-02 10:12,22.8
108,서울,2022-06-02 10:13,22.8
108,서울,2022-06-02 10:14,22.8
108,서울,2022-06-02 10:15,22.7
108,서울,2022-06-02 10:16,22.7
108,서울,2022-06-02 10:17,22.6
108,서울,2022-06-02 10:18,22.7
108,서울,2022-06-02 10:19,22.7
108,서울,2022-06-02 10:20,22.7
108,서울,2022-06-02 10:21,22.8
108,서울,2022-06-02 10:22,22.8
108,서울,2022-06-02 10:23,22.7
108,서울,2022-06-02 10:24,22.6
108,서울,2022-06-02 10:25,22.6
108,서울,2022-06-02 10:26,22.6
108,서울,2022-06-02 10:27,22.7
108,서울,2022-06-02 10:28,22.8
108,서울,2022-06-02 10:29,22.8
108,서울,2022-06-02 10:30,22.8
108,서울,2022-06-02 10:31,22.8
108,서울,2022-06-02 10:32,22.9
108,서울,2022-06-02 10:33,22.8
108,서울,2022-06-02 10:34,22.8
108,서울,2022-06-02 10:35,22.9
108,서울,2022-06-02 10:36,23
108,서울,2022-06-02 10:37,23.2
108,서울,2022-06-02 10:38,23.3
108,서울,2022-06-02 10:39,23.3
108,서울,2022-06-02 10:40,23.3
108,서울,2022-06-02 10:41,23.4
108,서울,2022-06-02 10:42,23.4
108,서울,2022-06-02 10:43,23.5
108,서울,2022-06-02 10:44,23.5
108,서울,2022-06-02 10:45,23.6
108,서울,2022-06-02 10:46,23.6
108,서울,2022-06-02 10:47,23.7
108,서울,2022-06-02 10:48,23.8
108,서울,2022-06-02 10:49,23.8
108,서울,2022-06-02 10:50,23.8
108,서울,2022-06-02 10:51,23.9
108,서울,2022-06-02 10:52,23.9
108,서울,2022-06-02 10:53,24.1
108,서울,2022-06-02 10:54,24.2
108,서울,2022-06-02 10:55,24.2
108,서울,2022-06-02 10:56,24.3
108,서울,2022-06-02 10:57,24.3
108,서울,2022-06-02 10:58,24.3
108,서울,2022-06-02 10:59,24.3
108,서울,2022-06-02 11:00,24.2
108,서울,2022-06-02 11:01,24.2
108,서울,2022-06-02 11:02,24.3
108,서울,2022-06-02 11:03,24.4
108,서울,2022-06-02 11:04,24.4
108,서울,2022-06-02 11:05,24.5
108,서울,2022-06-02 11:06,24.5
108,서울,2022-06-02 11:07,24.4
108,서울,2022-06-02 11:08,24.4
108,서울,2022-06-02 11:09,24.4
108,서울,2022-06-02 11:10,24.3
108,서울,2022-06-02 11:11,24.3
108,서울,2022-06-02 11:12,24.3
108,서울,2022-06-02 11:13,24.3
108,서울,2022-06-02 11:14,24.3
108,서울,2022-06-02 11:15,24.4
108,서울,2022-06-02 11:16,24.4
108,서울,2022-06-02 11:17,24.4
108,서울,2022-06-02 11:18,24.4
108,서울,2022-06-02 11:19,24.5
108,서울,2022-06-02 11:20,24.5
108,서울,2022-06-02 11:21,24.6
108,서울,2022-06-02 11:22,24.6
108,서울,2022-06-02 11:23,24.6
108,서울,2022-06-02 11:24,24.7
108,서울,2022-06-02 11:25,24.8
108,서울,2022-06-02 11:26,24.8
108,서울,2022-06-02 11:27,24.8
108,서울,2022-06-02 11:28,24.8
108,서울,2022-06-02 11:29,24.8
108,서울,2022-06-02 11:30,24.7
108,서울,2022-06-02 11:31,24.7
108,서울,2022-06-02 11:32,24.8
108,서울,2022-06-02 11:33,24.8
108,서울,2022-06-02 11:34,24.9
108,서울,2022-06-02 11:35,25
108,서울,2022-06-02 11:36,24.9
108,서울,2022-06-02 11:37,24.8
108,서울,2022-06-02 11:38,24.9
108,서울,2022-06-02 11:39,25
108,서울,2022-06-02 11:40,25.1
108,서울,2022-06-02 11:41,25.1
108,서울,2022-06-02 11:42,25.1
108,서울,2022-06-02 11:43,25.2
108,서울,2022-06-02 11:44,25.1
108,서울,2022-06-02 11:45,25.2
108,서울,2022-06-02 11:46,25.2
108,서울,2022-06-02 11:47,25.2
108,서울,2022-06-02 11:48,25.3
108,서울,2022-06-02 11:49,25.5
108,서울,2022-06-02 11:50,25.6
108,서울,2022-06-02 11:51,25.6
108,서울,2022-06-02 11:52,25.7
108,서울,2022-06-02 11:53,25.6
108,서울,2022-06-02 11:54,25.6
108,서울,2022-06-02 11:55,25.6
108,서울,2022-06-02 11:56,25.4
108,서울,2022-06-02 11:57,25.5
108,서울,2022-06-02 11:58,25.4
108,서울,2022-06-02 11:59,25.4
108,서울,2022-06-02 12:00,25.4
108,서울,2022-06-02 12:01,25.6
108,서울,2022-06-02 12:02,25.5
108,서울,2022-06-02 12:03,25.5
108,서울,2022-06-02 12:04,25.5
108,서울,2022-06-02 12:05,25.4
108,서울,2022-06-02 12:06,25.4
108,서울,2022-06-02 12:07,25.3
108,서울,2022-06-02 12:08,25.3
108,서울,2022-06-02 12:09,25.3
108,서울,2022-06-02 12:10,25.3
108,서울,2022-06-02 12:11,25.3
108,서울,2022-06-02 12:12,25.4
108,서울,2022-06-02 12:13,25.4
108,서울,2022-06-02 12:14,25.5
108,서울,2022-06-02 12:15,25.5
108,서울,2022-06-02 12:16,25.6
108,서울,2022-06-02 12:17,25.6
108,서울,2022-06-02 12:18,25.7
108,서울,2022-06-02 12:19,25.8
108,서울,2022-06-02 12:20,25.8
108,서울,2022-06-02 12:21,25.7
108,서울,2022-06-02 12:22,25.7
108,서울,2022-06-02 12:23,25.8
108,서울,2022-06-02 12:24,25.8
108,서울,2022-06-02 12:25,25.9
108,서울,2022-06-02 12:26,25.9
108,서울,2022-06-02 12:27,25.8
108,서울,2022-06-02 12:28,25.8
108,서울,2022-06-02 12:29,25.8
108,서울,2022-06-02 12:30,25.7
108,서울,2022-06-02 12:31,25.8
108,서울,2022-06-02 12:32,25.8
108,서울,2022-06-02 12:33,25.8
108,서울,2022-06-02 12:34,25.9
108,서울,2022-06-02 12:35,25.9
108,서울,2022-06-02 12:36,25.8
108,서울,2022-06-02 12:37,25.9
108,서울,2022-06-02 12:38,25.9
108,서울,2022-06-02 12:39,26
108,서울,2022-06-02 12:40,26
108,서울,2022-06-02 12:41,25.9
108,서울,2022-06-02 12:42,26
108,서울,2022-06-02 12:43,26
108,서울,2022-06-02 12:44,26
108,서울,2022-06-02 12:45,25.9
108,서울,2022-06-02 12:46,26
108,서울,2022-06-02 12:47,26
108,서울,2022-06-02 12:48,26.1
108,서울,2022-06-02 12:49,26.1
108,서울,2022-06-02 12:50,25.9
108,서울,2022-06-02 12:51,25.9
108,서울,2022-06-02 12:52,26
108,서울,2022-06-02 12:53,26
108,서울,2022-06-02 12:54,26
108,서울,2022-06-02 12:55,26
108,서울,2022-06-02 12:56,26
108,서울,2022-06-02 12:57,26
108,서울,2022-06-02 12:58,26
108,서울,2022-06-02 12:59,26
108,서울,2022-06-02 13:00,25.9
108,서울,2022-06-02 13:01,26
108,서울,2022-06-02 13:02,26
108,서울,2022-06-02 13:03,26
108,서울,2022-06-02 13:04,26
108,서울,2022-06-02 13:05,26.1
108,서울,2022-06-02 13:06,26.2
108,서울,2022-06-02 13:07,26.4
108,서울,2022-06-02 13:08,26.4
108,서울,2022-06-02 13:09,26.4
108,서울,2022-06-02 13:10,26.3
108,서울,2022-06-02 13:11,26.3
108,서울,2022-06-02 13:12,26.3
108,서울,2022-06-02 13:13,26.3
108,서울,2022-06-02 13:14,26.3
108,서울,2022-06-02 13:15,26.3
108,서울,2022-06-02 13:16,26.4
108,서울,2022-06-02 13:17,26.5
108,서울,2022-06-02 13:18,26.5
108,서울,2022-06-02 13:19,26.5
108,서울,2022-06-02 13:20,26.5
108,서울,2022-06-02 13:21,26.6
108,서울,2022-06-02 13:22,26.7
108,서울,2022-06-02 13:23,26.8
108,서울,2022-06-02 13:24,26.9
108,서울,2022-06-02 13:25,26.8
108,서울,2022-06-02 13:26,26.9
108,서울,2022-06-02 13:27,26.8
108,서울,2022-06-02 13:28,26.7
108,서울,2022-06-02 13:29,26.7
108,서울,2022-06-02 13:30,26.6
108,서울,2022-06-02 13:31,26.5
108,서울,2022-06-02 13:32,26.5
108,서울,2022-06-02 13:33,26.3
108,서울,2022-06-02 13:34,26.3
108,서울,2022-06-02 13:35,26.4
108,서울,2022-06-02 13:36,26.4
108,서울,2022-06-02 13:37,26.5
108,서울,2022-06-02 13:38,26.7
108,서울,2022-06-02 13:39,26.7
108,서울,2022-06-02 13:40,26.8
108,서울,2022-06-02 13:41,26.7
108,서울,2022-06-02 13:42,26.7
108,서울,2022-06-02 13:43,26.7
108,서울,2022-06-02 13:44,26.7
108,서울,2022-06-02 13:45,26.7
108,서울,2022-06-02 13:46,26.7
108,서울,2022-06-02 13:47,26.7
108,서울,2022-06-02 13:48,26.7
108,서울,2022-06-02 13:49,26.6
108,서울,2022-06-02 13:50,26.7
108,서울,2022-06-02 13:51,26.7
108,서울,2022-06-02 13:52,26.7
108,서울,2022-06-02 13:53,26.7
108,서울,2022-06-02 13:54,26.7
108,서울,2022-06-02 13:55,26.6
108,서울,2022-06-02 13:56,26.5
108,서울,2022-06-02 13:57,26.4
108,서울,2022-06-02 13:58,26.3
108,서울,2022-06-02 13:59,26.2
108,서울,2022-06-02 14:00,26.3
108,서울,2022-06-02 14:01,26.3
108,서울,2022-06-02 14:02,26.4
108,서울,2022-06-02 14:03,26.4
108,서울,2022-06-02 14:04,26.4
108,서울,2022-06-02 14:05,26.3
108,서울,2022-06-02 14:06,26.3
108,서울,2022-06-02 14:07,26.4
108,서울,2022-06-02 14:08,26.4
108,서울,2022-06-02 14:09,26.4
108,서울,2022-06-02 14:10,26.4
108,서울,2022-06-02 14:11,26.4
108,서울,2022-06-02 14:12,26.3
108,서울,2022-06-02 14:13,26.3
108,서울,2022-06-02 14:14,26.2
108,서울,2022-06-02 14:15,26.3
108,서울,2022-06-02 14:16,26.3
108,서울,2022-06-02 14:17,26.2
108,서울,2022-06-02 14:18,26.2
108,서울,2022-06-02 14:19,26.3
108,서울,2022-06-02 14:20,26.4
108,서울,2022-06-02 14:21,26.5
108,서울,2022-06-02 14:22,26.5
108,서울,2022-06-02 14:23,26.6
108,서울,2022-06-02 14:24,26.5
108,서울,2022-06-02 14:25,26.5
108,서울,2022-06-02 14:26,26.4
108,서울,2022-06-02 14:27,26.3
108,서울,2022-06-02 14:28,26.4
108,서울,2022-06-02 14:29,26.4
108,서울,2022-06-02 14:30,26.4
108,서울,2022-06-02 14:31,26.5
108,서울,2022-06-02 14:32,26.4
108,서울,2022-06-02 14:33,26.5
108,서울,2022-06-02 14:34,26.4
108,서울,2022-06-02 14:35,26.3
108,서울,2022-06-02 14:36,26.4
108,서울,2022-06-02 14:37,26.4
108,서울,2022-06-02 14:38,26.5
108,서울,2022-06-02 14:39,26.5
108,서울,2022-06-02 14:40,26.4
108,서울,2022-06-02 14:41,26.2
108,서울,2022-06-02 14:42,26.1
108,서울,2022-06-02 14:43,26.1
108,서울,2022-06-02 14:44,26.2
108,서울,2022-06-02 14:45,26.2
108,서울,2022-06-02 14:46,26.3
108,서울,2022-06-02 14:47,26.3
108,서울,2022-06-02 14:48,26.3
108,서울,2022-06-02 14:49,26.4
108,서울,2022-06-02 14:50,26.4
108,서울,2022-06-02 14:51,26.6
108,서울,2022-06-02 14:52,26.5
108,서울,2022-06-02 14:53,26.5
108,서울,2022-06-02 14:54,26.5
108,서울,2022-06-02 14:55,26.5
108,서울,2022-06-02 14:56,26.4
108,서울,2022-06-02 14:57,26.5
108,서울,2022-06-02 14:58,26.6
108,서울,2022-06-02 14:59,26.6
108,서울,2022-06-02 15:00,26.7
108,서울,2022-06-02 15:01,26.6
108,서울,2022-06-02 15:02,26.6
108,서울,2022-06-02 15:03,26.4
108,서울,2022-06-02 15:04,26.4
108,서울,2022-06-02 15:05,26.4
108,서울,2022-06-02 15:06,26.4
108,서울,2022-06-02 15:07,26.4
108,서울,2022-06-02 15:08,26.5
108,서울,2022-06-02 15:09,26.5
108,서울,2022-06-02 15:10,26.4
108,서울,2022-06-02 15:11,26.3
108,서울,2022-06-02 15:12,26.4
108,서울,2022-06-02 15:13,26.4
108,서울,2022-06-02 15:14,26.4
108,서울,2022-06-02 15:15,26.4
108,서울,2022-06-02 15:16,26.4
108,서울,2022-06-02 15:17,26.4
108,서울,2022-06-02 15:18,26.5
108,서울,2022-06-02 15:19,26.6
108,서울,2022-06-02 15:20,26.6
108,서울,2022-06-02 15:21,26.7
108,서울,2022-06-02 15:22,26.6
108,서울,2022-06-02 15:23,26.7
108,서울,2022-06-02 15:24,26.7
108,서울,2022-06-02 15:25,26.6
108,서울,2022-06-02 15:26,26.6
108,서울,2022-06-02 15:27,26.6
108,서울,2022-06-02 15:28,26.5
108,서울,2022-06-02 15:29,26.5
108,서울,2022-06-02 15:30,26.6
108,서울,2022-06-02 15:31,26.7
108,서울,2022-06-02 15:32,26.6
108,서울,2022-06-02 15:33,26.6
108,서울,2022-06-02 15:34,26.7
108,서울,2022-06-02 15:35,26.8
108,서울,2022-06-02 15:36,26.8
108,서울,2022-06-02 15:37,26.8
108,서울,2022-06-02 15:38,26.7
108,서울,2022-06-02 15:39,26.6
108,서울,2022-06-02 15:40,26.6
108,서울,2022-06-02 15:41,26.6
108,서울,2022-06-02 15:42,26.5
108,서울,2022-06-02 15:43,26.3
108,서울,2022-06-02 15:44,26.3
108,서울,2022-06-02 15:45,26.3
108,서울,2022-06-02 15:46,26.4
108,서울,2022-06-02 15:47,26.3
108,서울,2022-06-02 15:48,26.3
108,서울,2022-06-02 15:49,26.3
108,서울,2022-06-02 15:50,26.2
108,서울,2022-06-02 15:51,26.1
108,서울,2022-06-02 15:52,26.1
108,서울,2022-06-02 15:53,26.1
108,서울,2022-06-02 15:54,26.1
108,서울,2022-06-02 15:55,26.1
108,서울,2022-06-02 15:56,26.2
108,서울,2022-06-02 15:57,26.3
108,서울,2022-06-02 15:58,26.4
108,서울,2022-06-02 15:59,26.4
108,서울,2022-06-02 16:00,26.4
108,서울,2022-06-02 16:01,26.5
108,서울,2022-06-02 16:02,26.5
108,서울,2022-06-02 16:03,26.4
108,서울,2022-06-02 16:04,26.4
108,서울,2022-06-02 16:05,26.4
108,서울,2022-06-02 16:06,26.4
108,서울,2022-06-02 16:07,26.4
108,서울,2022-06-02 16:08,26.4
108,서울,2022-06-02 16:09,26.5
108,서울,2022-06-02 16:10,26.5
108,서울,2022-06-02 16:11,26.4
108,서울,2022-06-02 16:12,26.4
108,서울,2022-06-02 16:13,26.4
108,서울,2022-06-02 16:14,26.4
108,서울,2022-06-02 16:15,26.5
108,서울,2022-06-02 16:16,26.5
108,서울,2022-06-02 16:17,26.5
108,서울,2022-06-02 16:18,26.4
108,서울,2022-06-02 16:19,26.5
108,서울,2022-06-02 16:20,26.6
108,서울,2022-06-02 16:21,26.6
108,서울,2022-06-02 16:22,26.6
108,서울,2022-06-02 16:23,26.5
108,서울,2022-06-02 16:24,26.4
108,서울,2022-06-02 16:25,26.3
108,서울,2022-06-02 16:26,26.2
108,서울,2022-06-02 16:27,26.2
108,서울,2022-06-02 16:28,26.1
108,서울,2022-06-02 16:29,26
108,서울,2022-06-02 16:30,25.9
108,서울,2022-06-02 16:31,25.9
108,서울,2022-06-02 16:32,25.9
108,서울,2022-06-02 16:33,26
108,서울,2022-06-02 16:34,26
108,서울,2022-06-02 16:35,26
108,서울,2022-06-02 16:36,25.9
108,서울,2022-06-02 16:37,25.9
108,서울,2022-06-02 16:38,25.8
108,서울,2022-06-02 16:39,25.7
108,서울,2022-06-02 16:40,25.8
108,서울,2022-06-02 16:41,25.8
108,서울,2022-06-02 16:42,25.8
108,서울,2022-06-02 16:43,25.9
108,서울,2022-06-02 16:44,25.8
108,서울,2022-06-02 16:45,25.8
108,서울,2022-06-02 16:46,25.8
108,서울,2022-06-02 16:47,25.8
108,서울,2022-06-02 16:48,25.8
108,서울,2022-06-02 16:49,25.7
108,서울,2022-06-02 16:50,25.7
108,서울,2022-06-02 16:51,25.7
108,서울,2022-06-02 16:52,25.8
108,서울,2022-06-02 16:53,25.7
108,서울,2022-06-02 16:54,25.7
108,서울,2022-06-02 16:55,25.6
108,서울,2022-06-02 16:56,25.6
108,서울,2022-06-02 16:57,25.6
108,서울,2022-06-02 16:58,25.5
108,서울,2022-06-02 16:59,25.6
108,서울,2022-06-02 17:00,25.6
108,서울,2022-06-02 17:01,25.6
108,서울,2022-06-02 17:02,25.5
108,서울,2022-06-02 17:03,25.5
108,서울,2022-06-02 17:04,25.5
108,서울,2022-06-02 17:05,25.5
108,서울,2022-06-02 17:06,25.4
108,서울,2022-06-02 17:07,25.4
108,서울,2022-06-02 17:08,25.4
108,서울,2022-06-02 17:09,25.4
108,서울,2022-06-02 17:10,25.5
108,서울,2022-06-02 17:11,25.6
108,서울,2022-06-02 17:12,25.6
108,서울,2022-06-02 17:13,25.7
108,서울,2022-06-02 17:14,25.7
108,서울,2022-06-02 17:15,25.7
108,서울,2022-06-02 17:16,25.7
108,서울,2022-06-02 17:17,25.6
108,서울,2022-06-02 17:18,25.6
108,서울,2022-06-02 17:19,25.6
108,서울,2022-06-02 17:20,25.6
108,서울,2022-06-02 17:21,25.6
108,서울,2022-06-02 17:22,25.7
108,서울,2022-06-02 17:23,25.6
108,서울,2022-06-02 17:24,25.6
108,서울,2022-06-02 17:25,25.6
108,서울,2022-06-02 17:26,25.6
108,서울,2022-06-02 17:27,25.6
108,서울,2022-06-02 17:28,25.6
108,서울,2022-06-02 17:29,25.6
108,서울,2022-06-02 17:30,25.6
108,서울,2022-06-02 17:31,25.5
108,서울,2022-06-02 17:32,25.4
108,서울,2022-06-02 17:33,25.4
108,서울,2022-06-02 17:34,25.4
108,서울,2022-06-02 17:35,25.4
108,서울,2022-06-02 17:36,25.4
108,서울,2022-06-02 17:37,25.4
108,서울,2022-06-02 17:38,25.4
108,서울,2022-06-02 17:39,25.4
108,서울,2022-06-02 17:40,25.4
108,서울,2022-06-02 17:41,25.3
108,서울,2022-06-02 17:42,25.3
108,서울,2022-06-02 17:43,25.3
108,서울,2022-06-02 17:44,25.3
108,서울,2022-06-02 17:45,25.3
108,서울,2022-06-02 17:46,25.3
108,서울,2022-06-02 17:47,25.2
108,서울,2022-06-02 17:48,25.2
108,서울,2022-06-02 17:49,25.2
108,서울,2022-06-02 17:50,25.2
108,서울,2022-06-02 17:51,25.1
108,서울,2022-06-02 17:52,25.2
108,서울,2022-06-02 17:53,25.2
108,서울,2022-06-02 17:54,25.1
108,서울,2022-06-02 17:55,25.1
108,서울,2022-06-02 17:56,25.1
108,서울,2022-06-02 17:57,25.1
108,서울,2022-06-02 17:58,25
108,서울,2022-06-02 17:59,25
108,서울,2022-06-02 18:00,24.9
108,서울,2022-06-02 18:01,24.9
108,서울,2022-06-02 18:02,24.9
108,서울,2022-06-02 18:03,24.9
108,서울,2022-06-02 18:04,24.8
108,서울,2022-06-02 18:05,24.8
108,서울,2022-06-02 18:06,24.9
108,서울,2022-06-02 18:07,24.9
108,서울,2022-06-02 18:08,24.9
108,서울,2022-06-02 18:09,24.9
108,서울,2022-06-02 18:10,24.8
108,서울,2022-06-02 18:11,24.8
108,서울,2022-06-02 18:12,24.8
108,서울,2022-06-02 18:13,24.8
108,서울,2022-06-02 18:14,24.8
108,서울,2022-06-02 18:15,24.7
108,서울,2022-06-02 18:16,24.7
108,서울,2022-06-02 18:17,24.7
108,서울,2022-06-02 18:18,24.6
108,서울,2022-06-02 18:19,24.6
108,서울,2022-06-02 18:20,24.5
108,서울,2022-06-02 18:21,24.5
108,서울,2022-06-02 18:22,24.5
108,서울,2022-06-02 18:23,24.4
108,서울,2022-06-02 18:24,24.4
108,서울,2022-06-02 18:25,24.3
108,서울,2022-06-02 18:26,24.3
108,서울,2022-06-02 18:27,24.3
108,서울,2022-06-02 18:28,24.3
108,서울,2022-06-02 18:29,24.3
108,서울,2022-06-02 18:30,24.3
108,서울,2022-06-02 18:31,24.3
108,서울,2022-06-02 18:32,24.3
108,서울,2022-06-02 18:33,24.2
108,서울,2022-06-02 18:34,24.1
108,서울,2022-06-02 18:35,24
108,서울,2022-06-02 18:36,23.9
108,서울,2022-06-02 18:37,23.9
108,서울,2022-06-02 18:38,23.9
108,서울,2022-06-02 18:39,23.9
108,서울,2022-06-02 18:40,23.8
108,서울,2022-06-02 18:41,23.8
108,서울,2022-06-02 18:42,23.7
108,서울,2022-06-02 18:43,23.7
108,서울,2022-06-02 18:44,23.7
108,서울,2022-06-02 18:45,23.7
108,서울,2022-06-02 18:46,23.6
108,서울,2022-06-02 18:47,23.6
108,서울,2022-06-02 18:48,23.5
108,서울,2022-06-02 18:49,23.5
108,서울,2022-06-02 18:50,23.5
108,서울,2022-06-02 18:51,23.5
108,서울,2022-06-02 18:52,23.5
108,서울,2022-06-02 18:53,23.5
108,서울,2022-06-02 18:54,23.5
108,서울,2022-06-02 18:55,23.5
108,서울,2022-06-02 18:56,23.5
108,서울,2022-06-02 18:57,23.4
108,서울,2022-06-02 18:58,23.4
108,서울,2022-06-02 18:59,23.3
108,서울,2022-06-02 19:00,23.3
108,서울,2022-06-02 19:01,23.3
108,서울,2022-06-02 19:02,23.3
108,서울,2022-06-02 19:03,23.3
108,서울,2022-06-02 19:04,23.3
108,서울,2022-06-02 19:05,23.2
108,서울,2022-06-02 19:06,23.2
108,서울,2022-06-02 19:07,23.2
108,서울,2022-06-02 19:08,23.1
108,서울,2022-06-02 19:09,23.1
108,서울,2022-06-02 19:10,23.1
108,서울,2022-06-02 19:11,23
108,서울,2022-06-02 19:12,23
108,서울,2022-06-02 19:13,22.9
108,서울,2022-06-02 19:14,22.9
108,서울,2022-06-02 19:15,22.9
108,서울,2022-06-02 19:16,22.8
108,서울,2022-06-02 19:17,22.8
108,서울,2022-06-02 19:18,22.8
108,서울,2022-06-02 19:19,22.8
108,서울,2022-06-02 19:20,22.7
108,서울,2022-06-02 19:21,22.7
108,서울,2022-06-02 19:22,22.7
108,서울,2022-06-02 19:23,22.7
108,서울,2022-06-02 19:24,22.6
108,서울,2022-06-02 19:25,22.6
108,서울,2022-06-02 19:26,22.5
108,서울,2022-06-02 19:27,22.5
108,서울,2022-06-02 19:28,22.5
108,서울,2022-06-02 19:29,22.5
108,서울,2022-06-02 19:30,22.4
108,서울,2022-06-02 19:31,22.4
108,서울,2022-06-02 19:32,22.4
108,서울,2022-06-02 19:33,22.3
108,서울,2022-06-02 19:34,22.3
108,서울,2022-06-02 19:35,22.2
108,서울,2022-06-02 19:36,22.2
108,서울,2022-06-02 19:37,22.2
108,서울,2022-06-02 19:38,22.2
108,서울,2022-06-02 19:39,22.2
108,서울,2022-06-02 19:40,22.1
108,서울,2022-06-02 19:41,22.1
108,서울,2022-06-02 19:42,22.1
108,서울,2022-06-02 19:43,22.1
108,서울,2022-06-02 19:44,22
108,서울,2022-06-02 19:45,22
108,서울,2022-06-02 19:46,22
108,서울,2022-06-02 19:47,21.9
108,서울,2022-06-02 19:48,21.9
108,서울,2022-06-02 19:49,21.9
108,서울,2022-06-02 19:50,21.8
108,서울,2022-06-02 19:51,21.8
108,서울,2022-06-02 19:52,21.8
108,서울,2022-06-02 19:53,21.8
108,서울,2022-06-02 19:54,21.8
108,서울,2022-06-02 19:55,21.7
108,서울,2022-06-02 19:56,21.7
108,서울,2022-06-02 19:57,21.7
108,서울,2022-06-02 19:58,21.7
108,서울,2022-06-02 19:59,21.7
108,서울,2022-06-02 20:00,21.6
108,서울,2022-06-02 20:01,21.6
108,서울,2022-06-02 20:02,21.5
108,서울,2022-06-02 20:03,21.5
108,서울,2022-06-02 20:04,21.5
108,서울,2022-06-02 20:05,21.5
108,서울,2022-06-02 20:06,21.5
108,서울,2022-06-02 20:07,21.5
108,서울,2022-06-02 20:08,21.5
108,서울,2022-06-02 20:09,21.4
108,서울,2022-06-02 20:10,21.4
108,서울,2022-06-02 20:11,21.4
108,서울,2022-06-02 20:12,21.4
108,서울,2022-06-02 20:13,21.4
108,서울,2022-06-02 20:14,21.3
108,서울,2022-06-02 20:15,21.3
108,서울,2022-06-02 20:16,21.3
108,서울,2022-06-02 20:17,21.3
108,서울,2022-06-02 20:18,21.2
108,서울,2022-06-02 20:19,21.2
108,서울,2022-06-02 20:20,21.2
108,서울,2022-06-02 20:21,21.2
108,서울,2022-06-02 20:22,21.2
108,서울,2022-06-02 20:23,21.2
108,서울,2022-06-02 20:24,21.1
108,서울,2022-06-02 20:25,21.1
108,서울,2022-06-02 20:26,21.1
108,서울,2022-06-02 20:27,21
108,서울,2022-06-02 20:28,21
108,서울,2022-06-02 20:29,21
108,서울,2022-06-02 20:30,21
108,서울,2022-06-02 20:31,21
108,서울,2022-06-02 20:32,20.9
108,서울,2022-06-02 20:33,20.9
108,서울,2022-06-02 20:34,20.9
108,서울,2022-06-02 20:35,20.8
108,서울,2022-06-02 20:36,20.8
108,서울,2022-06-02 20:37,20.8
108,서울,2022-06-02 20:38,20.8
108,서울,2022-06-02 20:39,20.8
108,서울,2022-06-02 20:40,20.8
108,서울,2022-06-02 20:41,20.7
108,서울,2022-06-02 20:42,20.7
108,서울,2022-06-02 20:43,20.7
108,서울,2022-06-02 20:44,20.7
108,서울,2022-06-02 20:45,20.7
108,서울,2022-06-02 20:46,20.6
108,서울,2022-06-02 20:47,20.6
108,서울,2022-06-02 20:48,20.6
108,서울,2022-06-02 20:49,20.6
108,서울,2022-06-02 20:50,20.6
108,서울,2022-06-02 20:51,20.6
108,서울,2022-06-02 20:52,20.6
108,서울,2022-06-02 20:53,20.6
108,서울,2022-06-02 20:54,20.5
108,서울,2022-06-02 20:55,20.5
108,서울,2022-06-02 20:56,20.5
108,서울,2022-06-02 20:57,20.5
108,서울,2022-06-02 20:58,20.5
108,서울,2022-06-02 20:59,20.5
108,서울,2022-06-02 21:00,20.4
108,서울,2022-06-02 21:01,20.4
108,서울,2022-06-02 21:02,20.4
108,서울,2022-06-02 21:03,20.4
108,서울,2022-06-02 21:04,20.4
108,서울,2022-06-02 21:05,20.4
108,서울,2022-06-02 21:06,20.4
108,서울,2022-06-02 21:07,20.3
108,서울,2022-06-02 21:08,20.3
108,서울,2022-06-02 21:09,20.3
108,서울,2022-06-02 21:10,20.3
108,서울,2022-06-02 21:11,20.3
108,서울,2022-06-02 21:12,20.3
108,서울,2022-06-02 21:13,20.2
108,서울,2022-06-02 21:14,20.2
108,서울,2022-06-02 21:15,20.2
108,서울,2022-06-02 21:16,20.2
108,서울,2022-06-02 21:17,20.2
108,서울,2022-06-02 21:18,20.2
108,서울,2022-06-02 21:19,20.2
108,서울,2022-06-02 21:20,20.2
108,서울,2022-06-02 21:21,20.2
108,서울,2022-06-02 21:22,20.1
108,서울,2022-06-02 21:23,20.1
108,서울,2022-06-02 21:24,20.1
108,서울,2022-06-02 21:25,20.1
108,서울,2022-06-02 21:26,20.1
108,서울,2022-06-02 21:27,20.1
108,서울,2022-06-02 21:28,20.1
108,서울,2022-06-02 21:29,20.1
108,서울,2022-06-02 21:30,20.1
108,서울,2022-06-02 21:31,20.1
108,서울,2022-06-02 21:32,20.1
108,서울,2022-06-02 21:33,20.1
108,서울,2022-06-02 21:34,20
108,서울,2022-06-02 21:35,20
108,서울,2022-06-02 21:36,20
108,서울,2022-06-02 21:37,20
108,서울,2022-06-02 21:38,20
108,서울,2022-06-02 21:39,20
108,서울,2022-06-02 21:40,20
108,서울,2022-06-02 21:41,20
108,서울,2022-06-02 21:42,20
108,서울,2022-06-02 21:43,19.9
108,서울,2022-06-02 21:44,19.9
108,서울,2022-06-02 21:45,19.9
108,서울,2022-06-02 21:46,19.9
108,서울,2022-06-02 21:47,19.9
108,서울,2022-06-02 21:48,19.9
108,서울,2022-06-02 21:49,19.9
108,서울,2022-06-02 21:50,19.8
108,서울,2022-06-02 21:51,19.8
108,서울,2022-06-02 21:52,19.8
108,서울,2022-06-02 21:53,19.8
108,서울,2022-06-02 21:54,19.8
108,서울,2022-06-02 21:55,19.8
108,서울,2022-06-02 21:56,19.8
108,서울,2022-06-02 21:57,19.8
108,서울,2022-06-02 21:58,19.8
108,서울,2022-06-02 21:59,19.8
108,서울,2022-06-02 22:00,19.7
108,서울,2022-06-02 22:01,19.7
108,서울,2022-06-02 22:02,19.7
108,서울,2022-06-02 22:03,19.7
108,서울,2022-06-02 22:04,19.7
108,서울,2022-06-02 22:05,19.7
108,서울,2022-06-02 22:06,19.7
108,서울,2022-06-02 22:07,19.7
108,서울,2022-06-02 22:08,19.7
108,서울,2022-06-02 22:09,19.7
108,서울,2022-06-02 22:10,19.7
108,서울,2022-06-02 22:11,19.6
108,서울,2022-06-02 22:12,19.6
108,서울,2022-06-02 22:13,19.6
108,서울,2022-06-02 22:14,19.6
108,서울,2022-06-02 22:15,19.6
108,서울,2022-06-02 22:16,19.6
108,서울,2022-06-02 22:17,19.6
108,서울,2022-06-02 22:18,19.6
108,서울,2022-06-02 22:19,19.6
108,서울,2022-06-02 22:20,19.6
108,서울,2022-06-02 22:21,19.6
108,서울,2022-06-02 22:22,19.6
108,서울,2022-06-02 22:23,19.5
108,서울,2022-06-02 22:24,19.5
108,서울,2022-06-02 22:25,19.5
108,서울,2022-06-02 22:26,19.6
108,서울,2022-06-02 22:27,19.6
108,서울,2022-06-02 22:28,19.5
108,서울,2022-06-02 22:29,19.5
108,서울,2022-06-02 22:30,19.5
108,서울,2022-06-02 22:31,19.5
108,서울,2022-06-02 22:32,19.5
108,서울,2022-06-02 22:33,19.5
108,서울,2022-06-02 22:34,19.5
108,서울,2022-06-02 22:35,19.5
108,서울,2022-06-02 22:36,19.5
108,서울,2022-06-02 22:37,19.5
108,서울,2022-06-02 22:38,19.4
108,서울,2022-06-02 22:39,19.4
108,서울,2022-06-02 22:40,19.4
108,서울,2022-06-02 22:41,19.4
108,서울,2022-06-02 22:42,19.4
108,서울,2022-06-02 22:43,19.4
108,서울,2022-06-02 22:44,19.4
108,서울,2022-06-02 22:45,19.3
108,서울,2022-06-02 22:46,19.3
108,서울,2022-06-02 22:47,19.3
108,서울,2022-06-02 22:48,19.3
108,서울,2022-06-02 22:49,19.3
108,서울,2022-06-02 22:50,19.3
108,서울,2022-06-02 22:51,19.3
108,서울,2022-06-02 22:52,19.3
108,서울,2022-06-02 22:53,19.3
108,서울,2022-06-02 22:54,19.3
108,서울,2022-06-02 22:55,19.3
108,서울,2022-06-02 22:56,19.2
108,서울,2022-06-02 22:57,19.2
108,서울,2022-06-02 22:58,19.2
108,서울,2022-06-02 22:59,19.2
108,서울,2022-06-02 23:00,19.2
108,서울,2022-06-02 23:01,19.2
108,서울,2022-06-02 23:02,19.2
108,서울,2022-06-02 23:03,19.2
108,서울,2022-06-02 23:04,19.2
108,서울,2022-06-02 23:05,19.2
108,서울,2022-06-02 23:06,19.2
108,서울,2022-06-02 23:07,19.2
108,서울,2022-06-02 23:08,19.2
108,서울,2022-06-02 23:09,19.2
108,서울,2022-06-02 23:10,19.2
108,서울,2022-06-02 23:11,19.1
108,서울,2022-06-02 23:12,19.1
108,서울,2022-06-02 23:13,19.1
108,서울,2022-06-02 23:14,19.1
108,서울,2022-06-02 23:15,19.1
108,서울,2022-06-02 23:16,19.1
108,서울,2022-06-02 23:17,19.1
108,서울,2022-06-02 23:18,19.1
108,서울,2022-06-02 23:19,19.1
108,서울,2022-06-02 23:20,19.1
108,서울,2022-06-02 23:21,19.1
108,서울,2022-06-02 23:22,19.1
108,서울,2022-06-02 23:23,19.1
108,서울,2022-06-02 23:24,19.1
108,서울,2022-06-02 23:25,19.1
108,서울,2022-06-02 23:26,19.1
108,서울,2022-06-02 23:27,19.1
108,서울,2022-06-02 23:28,19.1
108,서울,2022-06-02 23:29,19.1
108,서울,2022-06-02 23:30,19.1
108,서울,2022-06-02 23:31,19
108,서울,2022-06-02 23:32,19
108,서울,2022-06-02 23:33,19
108,서울,2022-06-02 23:34,19
108,서울,2022-06-02 23:35,19
108,서울,2022-06-02 23:36,19
108,서울,2022-06-02 23:37,19
108,서울,2022-06-02 23:38,19
108,서울,2022-06-02 23:39,19
108,서울,2022-06-02 23:40,19
108,서울,2022-06-02 23:41,19
108,서울,2022-06-02 23:42,19
108,서울,2022-06-02 23:43,19
108,서울,2022-06-02 23:44,19
108,서울,2022-06-02 23:45,19
108,서울,2022-06-02 23:46,19
108,서울,2022-06-02 23:47,19
108,서울,2022-06-02 23:48,19
108,서울,2022-06-02 23:49,19
108,서울,2022-06-02 23:50,19
108,서울,2022-06-02 23:51,18.9
108,서울,2022-06-02 23:52,18.9
108,서울,2022-06-02 23:53,18.9
108,서울,2022-06-02 23:54,18.9
108,서울,2022-06-02 23:55,18.9
108,서울,2022-06-02 23:56,18.9
108,서울,2022-06-02 23:57,18.9
108,서울,2022-06-02 23:58,18.9
108,서울,2022-06-02 23:59,18.9
108,서울,2022-06-03 00:00,18.9
