,temp,step_check,persis
2022-06-01 0:01,18.6,,
2022-06-01 0:02,18.6,0,0
2022-06-01 0:03,18.6,0,0
2022-06-01 0:04,18.6,0,0
2022-06-01 0:05,18.6,0,0
2022-06-01 0:06,18.6,0,0
2022-06-01 0:07,18.6,0,0
2022-06-01 0:08,18.5,-0.1,0.1
2022-06-01 0:09,18.5,0,0
2022-06-01 0:10,18.5,0,0
2022-06-01 0:11,18.5,0,0
2022-06-01 0:12,18.5,0,0
2022-06-01 0:13,18.5,0,0
2022-06-01 0:14,18.5,0,0
2022-06-01 0:15,18.5,0,0
2022-06-01 0:16,18.5,0,0
2022-06-01 0:17,18.5,0,0
2022-06-01 0:18,18.5,0,0
2022-06-01 0:19,18.5,0,0
2022-06-01 0:20,18.4,-0.1,0.1
2022-06-01 0:21,18.4,0,0
2022-06-01 0:22,18.4,0,0
2022-06-01 0:23,18.4,0,0
2022-06-01 0:24,18.4,0,0
2022-06-01 0:25,18.4,0,0
2022-06-01 0:26,18.4,0,0
2022-06-01 0:27,18.4,0,0
2022-06-01 0:28,18.4,0,0
2022-06-01 0:29,18.4,0,0
2022-06-01 0:30,18.4,0,0
2022-06-01 0:31,18.4,0,0
2022-06-01 0:32,18.4,0,0
2022-06-01 0:33,18.4,0,0
2022-06-01 0:34,18.4,0,0
2022-06-01 0:35,18.4,0,0
2022-06-01 0:36,18.3,-0.1,0.1
2022-06-01 0:37,18.3,0,0
2022-06-01 0:38,18.3,0,0
2022-06-01 0:39,18.3,0,0
2022-06-01 0:40,18.3,0,0
2022-06-01 0:41,18.3,0,0
2022-06-01 0:42,18.3,0,0
2022-06-01 0:43,18.2,-0.1,0.1
2022-06-01 0:44,18.2,0,0
2022-06-01 0:45,18.2,0,0
2022-06-01 0:46,18.1,-0.1,0.1
2022-06-01 0:47,18.1,0,0
2022-06-01 0:48,18.1,0,0
2022-06-01 0:49,18.1,0,0
2022-06-01 0:50,18.1,0,0
2022-06-01 0:51,18.1,0,0
2022-06-01 0:52,18.1,0,0
2022-06-01 0:53,18.1,0,0
2022-06-01 0:54,18.1,0,0
2022-06-01 0:55,18.1,0,0
2022-06-01 0:56,18.1,0,0
2022-06-01 0:57,18.1,0,0
2022-06-01 0:58,18,-0.1,0.1
2022-06-01 0:59,18,0,0
2022-06-01 1:00,18,0,0
2022-06-01 1:01,18,0,0
2022-06-01 1:02,18,0,0
2022-06-01 1:03,18,0,0
2022-06-01 1:04,18,0,0
2022-06-01 1:05,18,0,0
2022-06-01 1:06,18,0,0
2022-06-01 1:07,18,0,0
2022-06-01 1:08,18,0,0
2022-06-01 1:09,18,0,0
2022-06-01 1:10,18,0,0
2022-06-01 1:11,18,0,0
2022-06-01 1:12,18,0,0
2022-06-01 1:13,18,0,0
2022-06-01 1:14,18,0,0
2022-06-01 1:15,17.9,-0.1,0.1
2022-06-01 1:16,17.9,0,0
2022-06-01 1:17,17.9,0,0
2022-06-01 1:18,17.9,0,0
2022-06-01 1:19,17.9,0,0
2022-06-01 1:20,17.9,0,0
2022-06-01 1:21,17.9,0,0
2022-06-01 1:22,17.9,0,0
2022-06-01 1:23,17.9,0,0
2022-06-01 1:24,17.9,0,0
2022-06-01 1:25,17.9,0,0
2022-06-01 1:26,17.9,0,0
2022-06-01 1:27,17.8,-0.1,0.1
2022-06-01 1:28,17.8,0,0
2022-06-01 1:29,17.8,0,0
2022-06-01 1:30,17.8,0,0
2022-06-01 1:31,17.8,0,0
2022-06-01 1:32,17.8,0,0
2022-06-01 1:33,17.8,0,0
2022-06-01 1:34,17.8,0,0
2022-06-01 1:35,17.8,0,0
2022-06-01 1:36,17.8,0,0
2022-06-01 1:37,17.8,0,0
2022-06-01 1:38,17.9,0.1,0.1
2022-06-01 1:39,17.9,0,0
2022-06-01 1:40,17.9,0,0
2022-06-01 1:41,17.9,0,0
2022-06-01 1:42,17.9,0,0
2022-06-01 1:43,17.9,0,0
2022-06-01 1:44,17.9,0,0
2022-06-01 1:45,17.9,0,0
2022-06-01 1:46,18,0.1,0.1
2022-06-01 1:47,18,0,0
2022-06-01 1:48,18,0,0
2022-06-01 1:49,18,0,0
2022-06-01 1:50,17.9,-0.1,0.1
2022-06-01 1:51,17.9,0,0
2022-06-01 1:52,17.9,0,0
2022-06-01 1:53,17.9,0,0
2022-06-01 1:54,17.9,0,0
2022-06-01 1:55,17.8,-0.1,0.1
2022-06-01 1:56,17.8,0,0
2022-06-01 1:57,17.8,0,0
2022-06-01 1:58,17.7,-0.1,0.1
2022-06-01 1:59,17.7,0,0
2022-06-01 2:00,17.7,0,0
2022-06-01 2:01,17.7,0,0
2022-06-01 2:02,17.6,-0.1,0.1
2022-06-01 2:03,17.6,0,0
2022-06-01 2:04,17.6,0,0
2022-06-01 2:05,17.6,0,0
2022-06-01 2:06,17.6,0,0
2022-06-01 2:07,17.6,0,0
2022-06-01 2:08,17.6,0,0
2022-06-01 2:09,17.6,0,0
2022-06-01 2:10,17.5,-0.1,0.1
2022-06-01 2:11,17.5,0,0
2022-06-01 2:12,17.5,0,0
2022-06-01 2:13,17.4,-0.1,0.1
2022-06-01 2:14,17.4,0,0
2022-06-01 2:15,17.4,0,0
2022-06-01 2:16,17.3,-0.1,0.1
2022-06-01 2:17,17.3,0,0
2022-06-01 2:18,17.3,0,0
2022-06-01 2:19,17.3,0,0
2022-06-01 2:20,17.2,-0.1,0.1
2022-06-01 2:21,17.2,0,0
2022-06-01 2:22,17.2,0,0
2022-06-01 2:23,17.2,0,0
2022-06-01 2:24,17.2,0,0
2022-06-01 2:25,17.2,0,0
2022-06-01 2:26,17.1,-0.1,0.1
2022-06-01 2:27,17.1,0,0
2022-06-01 2:28,17.1,0,0
2022-06-01 2:29,17.1,0,0
2022-06-01 2:30,17.1,0,0
2022-06-01 2:31,17.1,0,0
2022-06-01 2:32,17.1,0,0
2022-06-01 2:33,17,-0.1,0.1
2022-06-01 2:34,17,0,0
2022-06-01 2:35,17,0,0
2022-06-01 2:36,17,0,0
2022-06-01 2:37,17.1,0.1,0.1
2022-06-01 2:38,17.1,0,0
2022-06-01 2:39,17,-0.1,0.1
2022-06-01 2:40,17,0,0
2022-06-01 2:41,17,0,0
2022-06-01 2:42,17,0,0
2022-06-01 2:43,17,0,0
2022-06-01 2:44,16.9,-0.1,0.1
2022-06-01 2:45,16.9,0,0
2022-06-01 2:46,16.9,0,0
2022-06-01 2:47,16.9,0,0
2022-06-01 2:48,16.8,-0.1,0.1
2022-06-01 2:49,16.8,0,0
2022-06-01 2:50,16.8,0,0
2022-06-01 2:51,16.8,0,0
2022-06-01 2:52,16.8,0,0
2022-06-01 2:53,16.8,0,0
2022-06-01 2:54,16.7,-0.1,0.1
2022-06-01 2:55,16.7,0,0
2022-06-01 2:56,16.7,0,0
2022-06-01 2:57,16.8,0.1,0.1
2022-06-01 2:58,16.7,-0.1,0.1
2022-06-01 2:59,16.7,0,0
2022-06-01 3:00,16.7,0,0
2022-06-01 3:01,16.8,0.1,0.1
2022-06-01 3:02,16.8,0,0
2022-06-01 3:03,16.8,0,0
2022-06-01 3:04,16.8,0,0
2022-06-01 3:05,16.8,0,0
2022-06-01 3:06,16.8,0,0
2022-06-01 3:07,16.8,0,0
2022-06-01 3:08,16.7,-0.1,0.1
2022-06-01 3:09,16.7,0,0
2022-06-01 3:10,16.7,0,0
2022-06-01 3:11,16.7,0,0
2022-06-01 3:12,16.7,0,0
2022-06-01 3:13,16.7,0,0
2022-06-01 3:14,16.7,0,0
2022-06-01 3:15,16.7,0,0
2022-06-01 3:16,16.7,0,0
2022-06-01 3:17,16.7,0,0
2022-06-01 3:18,16.7,0,0
2022-06-01 3:19,16.7,0,0
2022-06-01 3:20,16.7,0,0
2022-06-01 3:21,16.7,0,0
2022-06-01 3:22,16.7,0,0
2022-06-01 3:23,16.7,0,0
2022-06-01 3:24,16.7,0,0
2022-06-01 3:25,16.8,0.1,0.1
2022-06-01 3:26,16.8,0,0
2022-06-01 3:27,16.8,0,0
2022-06-01 3:28,16.8,0,0
2022-06-01 3:29,16.8,0,0
2022-06-01 3:30,16.9,0.1,0.1
2022-06-01 3:31,17,0.1,0.1
2022-06-01 3:32,17.2,0.2,0.2
2022-06-01 3:33,17.4,0.2,0.2
2022-06-01 3:34,17.5,0.1,0.1
2022-06-01 3:35,17.6,0.1,0.1
2022-06-01 3:36,17.7,0.1,0.1
2022-06-01 3:37,17.7,0,0
2022-06-01 3:38,17.7,0,0
2022-06-01 3:39,17.7,0,0
2022-06-01 3:40,17.8,0.1,0.1
2022-06-01 3:41,17.8,0,0
2022-06-01 3:42,17.8,0,0
2022-06-01 3:43,17.8,0,0
2022-06-01 3:44,17.9,0.1,0.1
2022-06-01 3:45,17.9,0,0
2022-06-01 3:46,18,0.1,0.1
2022-06-01 3:47,18.1,0.1,0.1
2022-06-01 3:48,18.2,0.1,0.1
2022-06-01 3:49,18.3,0.1,0.1
2022-06-01 3:50,18.4,0.1,0.1
2022-06-01 3:51,18.4,0,0
2022-06-01 3:52,18.5,0.1,0.1
2022-06-01 3:53,18.5,0,0
2022-06-01 3:54,18.4,-0.1,0.1
2022-06-01 3:55,18.4,0,0
2022-06-01 3:56,18.4,0,0
2022-06-01 3:57,18.4,0,0
2022-06-01 3:58,18.4,0,0
2022-06-01 3:59,18.4,0,0
2022-06-01 4:00,18.4,0,0
2022-06-01 4:01,18.5,0.1,0.1
2022-06-01 4:02,18.5,0,0
2022-06-01 4:03,18.5,0,0
2022-06-01 4:04,18.5,0,0
2022-06-01 4:05,18.5,0,0
2022-06-01 4:06,18.4,-0.1,0.1
2022-06-01 4:07,18.4,0,0
2022-06-01 4:08,18.4,0,0
2022-06-01 4:09,18.4,0,0
2022-06-01 4:10,18.3,-0.1,0.1
2022-06-01 4:11,18.3,0,0
2022-06-01 4:12,18.3,0,0
2022-06-01 4:13,18.2,-0.1,0.1
2022-06-01 4:14,18.2,0,0
2022-06-01 4:15,18.2,0,0
2022-06-01 4:16,18.2,0,0
2022-06-01 4:17,18.2,0,0
2022-06-01 4:18,18.2,0,0
2022-06-01 4:19,18.1,-0.1,0.1
2022-06-01 4:20,18.1,0,0
2022-06-01 4:21,18.1,0,0
2022-06-01 4:22,18,-0.1,0.1
2022-06-01 4:23,18,0,0
2022-06-01 4:24,18,0,0
2022-06-01 4:25,18,0,0
2022-06-01 4:26,18,0,0
2022-06-01 4:27,17.9,-0.1,0.1
2022-06-01 4:28,17.9,0,0
2022-06-01 4:29,17.9,0,0
2022-06-01 4:30,17.9,0,0
2022-06-01 4:31,17.9,0,0
2022-06-01 4:32,17.8,-0.1,0.1
2022-06-01 4:33,17.8,0,0
2022-06-01 4:34,17.8,0,0
2022-06-01 4:35,17.8,0,0
2022-06-01 4:36,17.8,0,0
2022-06-01 4:37,17.8,0,0
2022-06-01 4:38,17.8,0,0
2022-06-01 4:39,17.8,0,0
2022-06-01 4:40,17.8,0,0
2022-06-01 4:41,17.7,-0.1,0.1
2022-06-01 4:42,17.7,0,0
2022-06-01 4:43,17.7,0,0
2022-06-01 4:44,17.6,-0.1,0.1
2022-06-01 4:45,17.6,0,0
2022-06-01 4:46,17.6,0,0
2022-06-01 4:47,17.6,0,0
2022-06-01 4:48,17.6,0,0
2022-06-01 4:49,17.5,-0.1,0.1
2022-06-01 4:50,17.5,0,0
2022-06-01 4:51,17.5,0,0
2022-06-01 4:52,17.5,0,0
2022-06-01 4:53,17.4,-0.1,0.1
2022-06-01 4:54,17.4,0,0
2022-06-01 4:55,17.4,0,0
2022-06-01 4:56,17.3,-0.1,0.1
2022-06-01 4:57,17.3,0,0
2022-06-01 4:58,17.3,0,0
2022-06-01 4:59,17.2,-0.1,0.1
2022-06-01 5:00,17.2,0,0
2022-06-01 5:01,17.2,0,0
2022-06-01 5:02,17.1,-0.1,0.1
2022-06-01 5:03,17.1,0,0
2022-06-01 5:04,17.1,0,0
2022-06-01 5:05,17.1,0,0
2022-06-01 5:06,17,-0.1,0.1
2022-06-01 5:07,17,0,0
2022-06-01 5:08,17,0,0
2022-06-01 5:09,17,0,0
2022-06-01 5:10,17,0,0
2022-06-01 5:11,16.9,-0.1,0.1
2022-06-01 5:12,16.9,0,0
2022-06-01 5:13,16.9,0,0
2022-06-01 5:14,16.8,-0.1,0.1
2022-06-01 5:15,16.8,0,0
2022-06-01 5:16,16.8,0,0
2022-06-01 5:17,16.8,0,0
2022-06-01 5:18,16.7,-0.1,0.1
2022-06-01 5:19,16.7,0,0
2022-06-01 5:20,16.7,0,0
2022-06-01 5:21,16.6,-0.1,0.1
2022-06-01 5:22,16.6,0,0
2022-06-01 5:23,16.6,0,0
2022-06-01 5:24,16.6,0,0
2022-06-01 5:25,16.6,0,0
2022-06-01 5:26,16.6,0,0
2022-06-01 5:27,16.6,0,0
2022-06-01 5:28,16.5,-0.1,0.1
2022-06-01 5:29,16.5,0,0
2022-06-01 5:30,16.5,0,0
2022-06-01 5:31,16.5,0,0
2022-06-01 5:32,16.5,0,0
2022-06-01 5:33,16.4,-0.1,0.1
2022-06-01 5:34,16.4,0,0
2022-06-01 5:35,16.4,0,0
2022-06-01 5:36,16.5,0.1,0.1
2022-06-01 5:37,16.5,0,0
2022-06-01 5:38,16.5,0,0
2022-06-01 5:39,16.4,-0.1,0.1
2022-06-01 5:40,16.4,0,0
2022-06-01 5:41,16.4,0,0
2022-06-01 5:42,16.4,0,0
2022-06-01 5:43,16.3,-0.1,0.1
2022-06-01 5:44,16.3,0,0
2022-06-01 5:45,16.3,0,0
2022-06-01 5:46,16.3,0,0
2022-06-01 5:47,16.2,-0.1,0.1
2022-06-01 5:48,16.2,0,0
2022-06-01 5:49,16.2,0,0
2022-06-01 5:50,16.2,0,0
2022-06-01 5:51,16.2,0,0
2022-06-01 5:52,16.2,0,0
2022-06-01 5:53,16.2,0,0
2022-06-01 5:54,16.2,0,0
2022-06-01 5:55,16.2,0,0
2022-06-01 5:56,16.2,0,0
2022-06-01 5:57,16.2,0,0
2022-06-01 5:58,16.3,0.1,0.1
2022-06-01 5:59,16.3,0,0
2022-06-01 6:00,16.3,0,0
2022-06-01 6:01,16.3,0,0
2022-06-01 6:02,16.3,0,0
2022-06-01 6:03,16.3,0,0
2022-06-01 6:04,16.3,0,0
2022-06-01 6:05,16.3,0,0
2022-06-01 6:06,16.3,0,0
2022-06-01 6:07,16.3,0,0
2022-06-01 6:08,16.3,0,0
2022-06-01 6:09,16.3,0,0
2022-06-01 6:10,16.3,0,0
2022-06-01 6:11,16.3,0,0
2022-06-01 6:12,16.3,0,0
2022-06-01 6:13,16.3,0,0
2022-06-01 6:14,16.3,0,0
2022-06-01 6:15,16.3,0,0
2022-06-01 6:16,16.3,0,0
2022-06-01 6:17,16.3,0,0
2022-06-01 6:18,16.3,0,0
2022-06-01 6:19,16.3,0,0
2022-06-01 6:20,16.3,0,0
2022-06-01 6:21,16.3,0,0
2022-06-01 6:22,16.3,0,0
2022-06-01 6:23,16.2,-0.1,0.1
2022-06-01 6:24,16.2,0,0
2022-06-01 6:25,16.2,0,0
2022-06-01 6:26,16.2,0,0
2022-06-01 6:27,16.2,0,0
2022-06-01 6:28,16.2,0,0
2022-06-01 6:29,16.2,0,0
2022-06-01 6:30,16.3,0.1,0.1
2022-06-01 6:31,16.4,0.1,0.1
2022-06-01 6:32,16.4,0,0
2022-06-01 6:33,16.5,0.1,0.1
2022-06-01 6:34,16.5,0,0
2022-06-01 6:35,16.5,0,0
2022-06-01 6:36,16.6,0.1,0.1
2022-06-01 6:37,16.6,0,0
2022-06-01 6:38,16.6,0,0
2022-06-01 6:39,16.6,0,0
2022-06-01 6:40,16.7,0.1,0.1
2022-06-01 6:41,16.7,0,0
2022-06-01 6:42,16.7,0,0
2022-06-01 6:43,16.7,0,0
2022-06-01 6:44,16.7,0,0
2022-06-01 6:45,16.8,0.1,0.1
2022-06-01 6:46,16.9,0.1,0.1
2022-06-01 6:47,16.9,0,0
2022-06-01 6:48,17,0.1,0.1
2022-06-01 6:49,17,0,0
2022-06-01 6:50,17.1,0.1,0.1
2022-06-01 6:51,17.1,0,0
2022-06-01 6:52,17.1,0,0
2022-06-01 6:53,17.1,0,0
2022-06-01 6:54,17.2,0.1,0.1
2022-06-01 6:55,17.2,0,0
2022-06-01 6:56,17.2,0,0
2022-06-01 6:57,17.3,0.1,0.1
2022-06-01 6:58,17.3,0,0
2022-06-01 6:59,17.4,0.1,0.1
2022-06-01 7:00,17.4,0,0
2022-06-01 7:01,17.4,0,0
2022-06-01 7:02,17.5,0.1,0.1
2022-06-01 7:03,17.6,0.1,0.1
2022-06-01 7:04,17.6,0,0
2022-06-01 7:05,17.7,0.1,0.1
2022-06-01 7:06,17.7,0,0
2022-06-01 7:07,17.8,0.1,0.1
2022-06-01 7:08,17.8,0,0
2022-06-01 7:09,17.9,0.1,0.1
2022-06-01 7:10,17.9,0,0
2022-06-01 7:11,18,0.1,0.1
2022-06-01 7:12,18,0,0
2022-06-01 7:13,18,0,0
2022-06-01 7:14,18.1,0.1,0.1
2022-06-01 7:15,18.1,0,0
2022-06-01 7:16,18.2,0.1,0.1
2022-06-01 7:17,18.3,0.1,0.1
2022-06-01 7:18,18.4,0.1,0.1
2022-06-01 7:19,18.4,0,0
2022-06-01 7:20,18.4,0,0
2022-06-01 7:21,18.5,0.1,0.1
2022-06-01 7:22,18.5,0,0
2022-06-01 7:23,18.6,0.1,0.1
2022-06-01 7:24,18.7,0.1,0.1
2022-06-01 7:25,18.8,0.1,0.1
2022-06-01 7:26,18.9,0.1,0.1
2022-06-01 7:27,19,0.1,0.1
2022-06-01 7:28,19,0,0
2022-06-01 7:29,19.1,0.1,0.1
2022-06-01 7:30,19.2,0.1,0.1
2022-06-01 7:31,19.3,0.1,0.1
2022-06-01 7:32,19.4,0.1,0.1
2022-06-01 7:33,19.5,0.1,0.1
2022-06-01 7:34,19.5,0,0
2022-06-01 7:35,19.6,0.1,0.1
2022-06-01 7:36,19.6,0,0
2022-06-01 7:37,19.7,0.1,0.1
2022-06-01 7:38,19.7,0,0
2022-06-01 7:39,19.7,0,0
2022-06-01 7:40,19.8,0.1,0.1
2022-06-01 7:41,19.8,0,0
2022-06-01 7:42,19.9,0.1,0.1
2022-06-01 7:43,19.9,0,0
2022-06-01 7:44,19.9,0,0
2022-06-01 7:45,19.9,0,0
2022-06-01 7:46,19.9,0,0
2022-06-01 7:47,20,0.1,0.1
2022-06-01 7:48,20,0,0
2022-06-01 7:49,20,0,0
2022-06-01 7:50,20,0,0
2022-06-01 7:51,20.1,0.1,0.1
2022-06-01 7:52,20.2,0.1,0.1
2022-06-01 7:53,20.3,0.1,0.1
2022-06-01 7:54,20.4,0.1,0.1
2022-06-01 7:55,20.4,0,0
2022-06-01 7:56,20.5,0.1,0.1
2022-06-01 7:57,20.5,0,0
2022-06-01 7:58,20.6,0.1,0.1
2022-06-01 7:59,20.6,0,0
2022-06-01 8:00,20.6,0,0
2022-06-01 8:01,20.6,0,0
2022-06-01 8:02,20.5,-0.1,0.1
2022-06-01 8:03,20.6,0.1,0.1
2022-06-01 8:04,20.7,0.1,0.1
2022-06-01 8:05,20.9,0.2,0.2
2022-06-01 8:06,20.9,0,0
2022-06-01 8:07,21,0.1,0.1
2022-06-01 8:08,20.9,-0.1,0.1
2022-06-01 8:09,20.9,0,0
2022-06-01 8:10,20.9,0,0
2022-06-01 8:11,20.9,0,0
2022-06-01 8:12,20.9,0,0
2022-06-01 8:13,20.9,0,0
2022-06-01 8:14,21,0.1,0.1
2022-06-01 8:15,21.1,0.1,0.1
2022-06-01 8:16,21.2,0.1,0.1
2022-06-01 8:17,21.3,0.1,0.1
2022-06-01 8:18,21.4,0.1,0.1
2022-06-01 8:19,21.4,0,0
2022-06-01 8:20,21.4,0,0
2022-06-01 8:21,21.4,0,0
2022-06-01 8:22,21.4,0,0
2022-06-01 8:23,21.5,0.1,0.1
2022-06-01 8:24,21.6,0.1,0.1
2022-06-01 8:25,21.6,0,0
2022-06-01 8:26,21.6,0,0
2022-06-01 8:27,21.7,0.1,0.1
2022-06-01 8:28,21.7,0,0
2022-06-01 8:29,21.7,0,0
2022-06-01 8:30,21.7,0,0
2022-06-01 8:31,21.8,0.1,0.1
2022-06-01 8:32,21.9,0.1,0.1
2022-06-01 8:33,22,0.1,0.1
2022-06-01 8:34,22,0,0
2022-06-01 8:35,22.1,0.1,0.1
2022-06-01 8:36,22.1,0,0
2022-06-01 8:37,22.1,0,0
2022-06-01 8:38,22.1,0,0
2022-06-01 8:39,22.1,0,0
2022-06-01 8:40,22.1,0,0
2022-06-01 8:41,22.1,0,0
2022-06-01 8:42,22.2,0.1,0.1
2022-06-01 8:43,22.2,0,0
2022-06-01 8:44,22.3,0.1,0.1
2022-06-01 8:45,22.3,0,0
2022-06-01 8:46,22.4,0.1,0.1
2022-06-01 8:47,22.4,0,0
2022-06-01 8:48,22.4,0,0
2022-06-01 8:49,22.4,0,0
2022-06-01 8:50,22.5,0.1,0.1
2022-06-01 8:51,22.6,0.1,0.1
2022-06-01 8:52,22.7,0.1,0.1
2022-06-01 8:53,22.7,0,0
2022-06-01 8:54,22.8,0.1,0.1
2022-06-01 8:55,22.8,0,0
2022-06-01 8:56,22.8,0,0
2022-06-01 8:57,22.9,0.1,0.1
2022-06-01 8:58,23,0.1,0.1
2022-06-01 8:59,23.1,0.1,0.1
2022-06-01 9:00,23.2,0.1,0.1
2022-06-01 9:01,23.2,0,0
2022-06-01 9:02,23.2,0,0
2022-06-01 9:03,23.2,0,0
2022-06-01 9:04,23.4,0.2,0.2
2022-06-01 9:05,23.4,0,0
2022-06-01 9:06,23.4,0,0
2022-06-01 9:07,23.5,0.1,0.1
2022-06-01 9:08,23.5,0,0
2022-06-01 9:09,23.6,0.1,0.1
2022-06-01 9:10,23.6,0,0
2022-06-01 9:11,23.6,0,0
2022-06-01 9:12,23.6,0,0
2022-06-01 9:13,23.6,0,0
2022-06-01 9:14,23.6,0,0
2022-06-01 9:15,23.7,0.1,0.1
2022-06-01 9:16,23.6,-0.1,0.1
2022-06-01 9:17,23.6,0,0
2022-06-01 9:18,23.7,0.1,0.1
2022-06-01 9:19,23.7,0,0
2022-06-01 9:20,23.7,0,0
2022-06-01 9:21,23.7,0,0
2022-06-01 9:22,23.7,0,0
2022-06-01 9:23,23.7,0,0
2022-06-01 9:24,23.8,0.1,0.1
2022-06-01 9:25,23.8,0,0
2022-06-01 9:26,23.9,0.1,0.1
2022-06-01 9:27,23.9,0,0
2022-06-01 9:28,23.9,0,0
2022-06-01 9:29,23.9,0,0
2022-06-01 9:30,24,0.1,0.1
2022-06-01 9:31,24,0,0
2022-06-01 9:32,24,0,0
2022-06-01 9:33,24,0,0
2022-06-01 9:34,24.1,0.1,0.1
2022-06-01 9:35,24.1,0,0
2022-06-01 9:36,24,-0.1,0.1
2022-06-01 9:37,24.1,0.1,0.1
2022-06-01 9:38,24.1,0,0
2022-06-01 9:39,24.2,0.1,0.1
2022-06-01 9:40,24.2,0,0
2022-06-01 9:41,24.2,0,0
2022-06-01 9:42,24.3,0.1,0.1
2022-06-01 9:43,24.3,0,0
2022-06-01 9:44,24.3,0,0
2022-06-01 9:45,24.4,0.1,0.1
2022-06-01 9:46,24.5,0.1,0.1
2022-06-01 9:47,24.5,0,0
2022-06-01 9:48,24.5,0,0
2022-06-01 9:49,24.4,-0.1,0.1
2022-06-01 9:50,24.4,0,0
2022-06-01 9:51,24.4,0,0
2022-06-01 9:52,24.5,0.1,0.1
2022-06-01 9:53,24.5,0,0
2022-06-01 9:54,24.5,0,0
2022-06-01 9:55,24.6,0.1,0.1
2022-06-01 9:56,24.7,0.1,0.1
2022-06-01 9:57,24.7,0,0
2022-06-01 9:58,24.8,0.1,0.1
2022-06-01 9:59,24.9,0.1,0.1
2022-06-01 10:00,24.8,-0.1,0.1
2022-06-01 10:01,24.9,0.1,0.1
2022-06-01 10:02,25,0.1,0.1
2022-06-01 10:03,25,0,0
2022-06-01 10:04,25,0,0
2022-06-01 10:05,25,0,0
2022-06-01 10:06,25.1,0.1,0.1
2022-06-01 10:07,25.1,0,0
2022-06-01 10:08,25.1,0,0
2022-06-01 10:09,25.1,0,0
2022-06-01 10:10,25.1,0,0
2022-06-01 10:11,25.2,0.1,0.1
2022-06-01 10:12,25.2,0,0
2022-06-01 10:13,25.2,0,0
2022-06-01 10:14,25.2,0,0
2022-06-01 10:15,25.2,0,0
2022-06-01 10:16,25.3,0.1,0.1
2022-06-01 10:17,25.4,0.1,0.1
2022-06-01 10:18,25.3,-0.1,0.1
2022-06-01 10:19,25.3,0,0
2022-06-01 10:20,25.3,0,0
2022-06-01 10:21,25.3,0,0
2022-06-01 10:22,25.3,0,0
2022-06-01 10:23,25.3,0,0
2022-06-01 10:24,25.4,0.1,0.1
2022-06-01 10:25,25.4,0,0
2022-06-01 10:26,25.5,0.1,0.1
2022-06-01 10:27,25.6,0.1,0.1
2022-06-01 10:28,25.6,0,0
2022-06-01 10:29,25.6,0,0
2022-06-01 10:30,25.7,0.1,0.1
2022-06-01 10:31,25.8,0.1,0.1
2022-06-01 10:32,25.8,0,0
2022-06-01 10:33,25.8,0,0
2022-06-01 10:34,25.8,0,0
2022-06-01 10:35,25.7,-0.1,0.1
2022-06-01 10:36,25.7,0,0
2022-06-01 10:37,25.7,0,0
2022-06-01 10:38,25.7,0,0
2022-06-01 10:39,25.7,0,0
2022-06-01 10:40,25.7,0,0
2022-06-01 10:41,25.7,0,0
2022-06-01 10:42,25.7,0,0
2022-06-01 10:43,25.8,0.1,0.1
2022-06-01 10:44,25.8,0,0
2022-06-01 10:45,25.9,0.1,0.1
2022-06-01 10:46,25.8,-0.1,0.1
2022-06-01 10:47,25.8,0,0
2022-06-01 10:48,25.8,0,0
2022-06-01 10:49,25.9,0.1,0.1
2022-06-01 10:50,25.9,0,0
2022-06-01 10:51,26,0.1,0.1
2022-06-01 10:52,26.1,0.1,0.1
2022-06-01 10:53,26.2,0.1,0.1
2022-06-01 10:54,26.2,0,0
2022-06-01 10:55,26.1,-0.1,0.1
2022-06-01 10:56,26.2,0.1,0.1
2022-06-01 10:57,26.2,0,0
2022-06-01 10:58,26.2,0,0
2022-06-01 10:59,26.2,0,0
2022-06-01 11:00,26.3,0.1,0.1
2022-06-01 11:01,26.5,0.2,0.2
2022-06-01 11:02,26.6,0.1,0.1
2022-06-01 11:03,26.6,0,0
2022-06-01 11:04,26.6,0,0
2022-06-01 11:05,26.6,0,0
2022-06-01 11:06,26.6,0,0
2022-06-01 11:07,26.7,0.1,0.1
2022-06-01 11:08,26.7,0,0
2022-06-01 11:09,26.7,0,0
2022-06-01 11:10,26.7,0,0
2022-06-01 11:11,26.7,0,0
2022-06-01 11:12,26.7,0,0
2022-06-01 11:13,26.7,0,0
2022-06-01 11:14,26.8,0.1,0.1
2022-06-01 11:15,26.8,0,0
2022-06-01 11:16,26.9,0.1,0.1
2022-06-01 11:17,27,0.1,0.1
2022-06-01 11:18,27,0,0
2022-06-01 11:19,27,0,0
2022-06-01 11:20,27,0,0
2022-06-01 11:21,27,0,0
2022-06-01 11:22,26.9,-0.1,0.1
2022-06-01 11:23,27,0.1,0.1
2022-06-01 11:24,27.1,0.1,0.1
2022-06-01 11:25,27.2,0.1,0.1
2022-06-01 11:26,27.1,-0.1,0.1
2022-06-01 11:27,27,-0.1,0.1
2022-06-01 11:28,27,0,0
2022-06-01 11:29,27.1,0.1,0.1
2022-06-01 11:30,27.2,0.1,0.1
2022-06-01 11:31,27.2,0,0
2022-06-01 11:32,27.2,0,0
2022-06-01 11:33,27.2,0,0
2022-06-01 11:34,27.1,-0.1,0.1
2022-06-01 11:35,27.2,0.1,0.1
2022-06-01 11:36,27.3,0.1,0.1
2022-06-01 11:37,27.4,0.1,0.1
2022-06-01 11:38,27.4,0,0
2022-06-01 11:39,27.5,0.1,0.1
2022-06-01 11:40,27.5,0,0
2022-06-01 11:41,27.5,0,0
2022-06-01 11:42,27.6,0.1,0.1
2022-06-01 11:43,27.7,0.1,0.1
2022-06-01 11:44,27.7,0,0
2022-06-01 11:45,27.6,-0.1,0.1
2022-06-01 11:46,27.6,0,0
2022-06-01 11:47,27.6,0,0
2022-06-01 11:48,27.7,0.1,0.1
2022-06-01 11:49,27.6,-0.1,0.1
2022-06-01 11:50,27.5,-0.1,0.1
2022-06-01 11:51,27.6,0.1,0.1
2022-06-01 11:52,27.6,0,0
2022-06-01 11:53,27.6,0,0
2022-06-01 11:54,27.6,0,0
2022-06-01 11:55,27.6,0,0
2022-06-01 11:56,27.7,0.1,0.1
2022-06-01 11:57,27.7,0,0
2022-06-01 11:58,27.7,0,0
2022-06-01 11:59,27.6,-0.1,0.1
2022-06-01 12:00,27.5,-0.1,0.1
2022-06-01 12:01,27.5,0,0
2022-06-01 12:02,27.6,0.1,0.1
2022-06-01 12:03,27.6,0,0
2022-06-01 12:04,27.5,-0.1,0.1
2022-06-01 12:05,27.5,0,0
2022-06-01 12:06,27.5,0,0
2022-06-01 12:07,27.5,0,0
2022-06-01 12:08,27.5,0,0
2022-06-01 12:09,27.6,0.1,0.1
2022-06-01 12:10,27.7,0.1,0.1
2022-06-01 12:11,27.6,-0.1,0.1
2022-06-01 12:12,27.6,0,0
2022-06-01 12:13,27.5,-0.1,0.1
2022-06-01 12:14,27.6,0.1,0.1
2022-06-01 12:15,27.6,0,0
2022-06-01 12:16,27.6,0,0
2022-06-01 12:17,27.7,0.1,0.1
2022-06-01 12:18,27.8,0.1,0.1
2022-06-01 12:19,27.8,0,0
2022-06-01 12:20,27.9,0.1,0.1
2022-06-01 12:21,27.8,-0.1,0.1
2022-06-01 12:22,27.8,0,0
2022-06-01 12:23,27.9,0.1,0.1
2022-06-01 12:24,27.9,0,0
2022-06-01 12:25,28,0.1,0.1
2022-06-01 12:26,28,0,0
2022-06-01 12:27,28.1,0.1,0.1
2022-06-01 12:28,28,-0.1,0.1
2022-06-01 12:29,28.1,0.1,0.1
2022-06-01 12:30,28,-0.1,0.1
2022-06-01 12:31,28,0,0
2022-06-01 12:32,27.9,-0.1,0.1
2022-06-01 12:33,27.9,0,0
2022-06-01 12:34,27.9,0,0
2022-06-01 12:35,27.7,-0.2,0.2
2022-06-01 12:36,27.7,0,0
2022-06-01 12:37,27.7,0,0
2022-06-01 12:38,27.7,0,0
2022-06-01 12:39,27.8,0.1,0.1
2022-06-01 12:40,28,0.2,0.2
2022-06-01 12:41,28,0,0
2022-06-01 12:42,28,0,0
2022-06-01 12:43,28,0,0
2022-06-01 12:44,28.1,0.1,0.1
2022-06-01 12:45,28.2,0.1,0.1
2022-06-01 12:46,28.2,0,0
2022-06-01 12:47,28.2,0,0
2022-06-01 12:48,28.1,-0.1,0.1
2022-06-01 12:49,28.2,0.1,0.1
2022-06-01 12:50,28.1,-0.1,0.1
2022-06-01 12:51,28.1,0,0
2022-06-01 12:52,28.2,0.1,0.1
2022-06-01 12:53,28.2,0,0
2022-06-01 12:54,28.2,0,0
2022-06-01 12:55,28.1,-0.1,0.1
2022-06-01 12:56,28.2,0.1,0.1
2022-06-01 12:57,28.2,0,0
2022-06-01 12:58,28.2,0,0
2022-06-01 12:59,28.2,0,0
2022-06-01 13:00,28.3,0.1,0.1
2022-06-01 13:01,28.3,0,0
2022-06-01 13:02,28.3,0,0
2022-06-01 13:03,28.4,0.1,0.1
2022-06-01 13:04,28.4,0,0
2022-06-01 13:05,28.2,-0.2,0.2
2022-06-01 13:06,28.1,-0.1,0.1
2022-06-01 13:07,28,-0.1,0.1
2022-06-01 13:08,27.8,-0.2,0.2
2022-06-01 13:09,27.8,0,0
2022-06-01 13:10,27.8,0,0
2022-06-01 13:11,27.9,0.1,0.1
2022-06-01 13:12,27.9,0,0
2022-06-01 13:13,27.9,0,0
2022-06-01 13:14,28,0.1,0.1
2022-06-01 13:15,27.9,-0.1,0.1
2022-06-01 13:16,27.8,-0.1,0.1
2022-06-01 13:17,27.9,0.1,0.1
2022-06-01 13:18,28,0.1,0.1
2022-06-01 13:19,28,0,0
2022-06-01 13:20,28.1,0.1,0.1
2022-06-01 13:21,28.2,0.1,0.1
2022-06-01 13:22,28.1,-0.1,0.1
2022-06-01 13:23,28.1,0,0
2022-06-01 13:24,28.2,0.1,0.1
2022-06-01 13:25,28.1,-0.1,0.1
2022-06-01 13:26,28.1,0,0
2022-06-01 13:27,28.1,0,0
2022-06-01 13:28,28.1,0,0
2022-06-01 13:29,28.1,0,0
2022-06-01 13:30,28.2,0.1,0.1
2022-06-01 13:31,28.1,-0.1,0.1
2022-06-01 13:32,28.1,0,0
2022-06-01 13:33,28.1,0,0
2022-06-01 13:34,28.1,0,0
2022-06-01 13:35,28.2,0.1,0.1
2022-06-01 13:36,28.2,0,0
2022-06-01 13:37,28.2,0,0
2022-06-01 13:38,28.3,0.1,0.1
2022-06-01 13:39,28.3,0,0
2022-06-01 13:40,28.3,0,0
2022-06-01 13:41,28.2,-0.1,0.1
2022-06-01 13:42,28.2,0,0
2022-06-01 13:43,28.3,0.1,0.1
2022-06-01 13:44,28.3,0,0
2022-06-01 13:45,28.3,0,0
2022-06-01 13:46,28.3,0,0
2022-06-01 13:47,28.3,0,0
2022-06-01 13:48,28.3,0,0
2022-06-01 13:49,28.4,0.1,0.1
2022-06-01 13:50,28.5,0.1,0.1
2022-06-01 13:51,28.4,-0.1,0.1
2022-06-01 13:52,28.4,0,0
2022-06-01 13:53,28.4,0,0
2022-06-01 13:54,28.3,-0.1,0.1
2022-06-01 13:55,28.3,0,0
2022-06-01 13:56,28.3,0,0
2022-06-01 13:57,28.2,-0.1,0.1
2022-06-01 13:58,28.3,0.1,0.1
2022-06-01 13:59,28.3,0,0
2022-06-01 14:00,28.4,0.1,0.1
2022-06-01 14:01,28.3,-0.1,0.1
2022-06-01 14:02,28.3,0,0
2022-06-01 14:03,28.2,-0.1,0.1
2022-06-01 14:04,28,-0.2,0.2
2022-06-01 14:05,28,0,0
2022-06-01 14:06,27.9,-0.1,0.1
2022-06-01 14:07,27.9,0,0
2022-06-01 14:08,27.9,0,0
2022-06-01 14:09,28,0.1,0.1
2022-06-01 14:10,28.1,0.1,0.1
2022-06-01 14:11,28.2,0.1,0.1
2022-06-01 14:12,28.3,0.1,0.1
2022-06-01 14:13,28.4,0.1,0.1
2022-06-01 14:14,28.5,0.1,0.1
2022-06-01 14:15,28.6,0.1,0.1
2022-06-01 14:16,28.6,0,0
2022-06-01 14:17,28.5,-0.1,0.1
2022-06-01 14:18,28.4,-0.1,0.1
2022-06-01 14:19,28.3,-0.1,0.1
2022-06-01 14:20,28.4,0.1,0.1
2022-06-01 14:21,28.3,-0.1,0.1
2022-06-01 14:22,28.2,-0.1,0.1
2022-06-01 14:23,28.2,0,0
2022-06-01 14:24,28.2,0,0
2022-06-01 14:25,28.1,-0.1,0.1
2022-06-01 14:26,28,-0.1,0.1
2022-06-01 14:27,28.1,0.1,0.1
2022-06-01 14:28,28.1,0,0
2022-06-01 14:29,28.1,0,0
2022-06-01 14:30,28.1,0,0
2022-06-01 14:31,28.1,0,0
2022-06-01 14:32,28.1,0,0
2022-06-01 14:33,28.2,0.1,0.1
2022-06-01 14:34,28.2,0,0
2022-06-01 14:35,28.2,0,0
2022-06-01 14:36,28.2,0,0
2022-06-01 14:37,28.2,0,0
2022-06-01 14:38,28.1,-0.1,0.1
2022-06-01 14:39,28,-0.1,0.1
2022-06-01 14:40,28.1,0.1,0.1
2022-06-01 14:41,28.1,0,0
2022-06-01 14:42,28.2,0.1,0.1
2022-06-01 14:43,28.3,0.1,0.1
2022-06-01 14:44,28.3,0,0
2022-06-01 14:45,28.4,0.1,0.1
2022-06-01 14:46,28.4,0,0
2022-06-01 14:47,28.4,0,0
2022-06-01 14:48,28.4,0,0
2022-06-01 14:49,28.5,0.1,0.1
2022-06-01 14:50,28.5,0,0
2022-06-01 14:51,28.5,0,0
2022-06-01 14:52,28.4,-0.1,0.1
2022-06-01 14:53,28.4,0,0
2022-06-01 14:54,28.5,0.1,0.1
2022-06-01 14:55,28.3,-0.2,0.2
2022-06-01 14:56,28.2,-0.1,0.1
2022-06-01 14:57,28.2,0,0
2022-06-01 14:58,28.3,0.1,0.1
2022-06-01 14:59,28.3,0,0
2022-06-01 15:00,28.3,0,0
2022-06-01 15:01,28.3,0,0
2022-06-01 15:02,28.4,0.1,0.1
2022-06-01 15:03,28.5,0.1,0.1
2022-06-01 15:04,28.5,0,0
2022-06-01 15:05,28.5,0,0
2022-06-01 15:06,28.5,0,0
2022-06-01 15:07,28.6,0.1,0.1
2022-06-01 15:08,28.6,0,0
2022-06-01 15:09,28.5,-0.1,0.1
2022-06-01 15:10,28.5,0,0
2022-06-01 15:11,28.4,-0.1,0.1
2022-06-01 15:12,28.4,0,0
2022-06-01 15:13,28.4,0,0
2022-06-01 15:14,28.4,0,0
2022-06-01 15:15,28.4,0,0
2022-06-01 15:16,28.4,0,0
2022-06-01 15:17,28.4,0,0
2022-06-01 15:18,28.4,0,0
2022-06-01 15:19,28.3,-0.1,0.1
2022-06-01 15:20,28.4,0.1,0.1
2022-06-01 15:21,28.4,0,0
2022-06-01 15:22,28.3,-0.1,0.1
2022-06-01 15:23,28.4,0.1,0.1
2022-06-01 15:24,28.5,0.1,0.1
2022-06-01 15:25,28.5,0,0
2022-06-01 15:26,28.4,-0.1,0.1
2022-06-01 15:27,28.4,0,0
2022-06-01 15:28,28.5,0.1,0.1
2022-06-01 15:29,28.5,0,0
2022-06-01 15:30,28.6,0.1,0.1
2022-06-01 15:31,28.6,0,0
2022-06-01 15:32,28.6,0,0
2022-06-01 15:33,28.6,0,0
2022-06-01 15:34,28.5,-0.1,0.1
2022-06-01 15:35,28.5,0,0
2022-06-01 15:36,28.5,0,0
2022-06-01 15:37,28.4,-0.1,0.1
2022-06-01 15:38,28.3,-0.1,0.1
2022-06-01 15:39,28.2,-0.1,0.1
2022-06-01 15:40,28.2,0,0
2022-06-01 15:41,28.1,-0.1,0.1
2022-06-01 15:42,28.1,0,0
2022-06-01 15:43,28,-0.1,0.1
2022-06-01 15:44,28,0,0
2022-06-01 15:45,28,0,0
2022-06-01 15:46,28.1,0.1,0.1
2022-06-01 15:47,28,-0.1,0.1
2022-06-01 15:48,28,0,0
2022-06-01 15:49,28,0,0
2022-06-01 15:50,28.1,0.1,0.1
2022-06-01 15:51,28,-0.1,0.1
2022-06-01 15:52,27.9,-0.1,0.1
2022-06-01 15:53,27.8,-0.1,0.1
2022-06-01 15:54,27.8,0,0
2022-06-01 15:55,27.7,-0.1,0.1
2022-06-01 15:56,27.7,0,0
2022-06-01 15:57,27.7,0,0
2022-06-01 15:58,27.7,0,0
2022-06-01 15:59,27.7,0,0
2022-06-01 16:00,27.6,-0.1,0.1
2022-06-01 16:01,27.6,0,0
2022-06-01 16:02,27.5,-0.1,0.1
2022-06-01 16:03,27.6,0.1,0.1
2022-06-01 16:04,27.6,0,0
2022-06-01 16:05,27.6,0,0
2022-06-01 16:06,27.6,0,0
2022-06-01 16:07,27.5,-0.1,0.1
2022-06-01 16:08,27.5,0,0
2022-06-01 16:09,27.5,0,0
2022-06-01 16:10,27.4,-0.1,0.1
2022-06-01 16:11,27.5,0.1,0.1
2022-06-01 16:12,27.6,0.1,0.1
2022-06-01 16:13,27.5,-0.1,0.1
2022-06-01 16:14,27.5,0,0
2022-06-01 16:15,27.6,0.1,0.1
2022-06-01 16:16,27.5,-0.1,0.1
2022-06-01 16:17,27.5,0,0
2022-06-01 16:18,27.6,0.1,0.1
2022-06-01 16:19,27.7,0.1,0.1
2022-06-01 16:20,27.7,0,0
2022-06-01 16:21,27.7,0,0
2022-06-01 16:22,27.8,0.1,0.1
2022-06-01 16:23,27.9,0.1,0.1
2022-06-01 16:24,27.8,-0.1,0.1
2022-06-01 16:25,27.8,0,0
2022-06-01 16:26,27.8,0,0
2022-06-01 16:27,27.7,-0.1,0.1
2022-06-01 16:28,27.7,0,0
2022-06-01 16:29,27.7,0,0
2022-06-01 16:30,27.6,-0.1,0.1
2022-06-01 16:31,27.6,0,0
2022-06-01 16:32,27.6,0,0
2022-06-01 16:33,27.6,0,0
2022-06-01 16:34,27.6,0,0
2022-06-01 16:35,27.6,0,0
2022-06-01 16:36,27.5,-0.1,0.1
2022-06-01 16:37,27.3,-0.2,0.2
2022-06-01 16:38,27.3,0,0
2022-06-01 16:39,27.3,0,0
2022-06-01 16:40,27.2,-0.1,0.1
2022-06-01 16:41,27.2,0,0
2022-06-01 16:42,27.3,0.1,0.1
2022-06-01 16:43,27.3,0,0
2022-06-01 16:44,27.3,0,0
2022-06-01 16:45,27.3,0,0
2022-06-01 16:46,27.3,0,0
2022-06-01 16:47,27.2,-0.1,0.1
2022-06-01 16:48,27.3,0.1,0.1
2022-06-01 16:49,27.3,0,0
2022-06-01 16:50,27.3,0,0
2022-06-01 16:51,27.3,0,0
2022-06-01 16:52,27.2,-0.1,0.1
2022-06-01 16:53,27.3,0.1,0.1
2022-06-01 16:54,27.2,-0.1,0.1
2022-06-01 16:55,27,-0.2,0.2
2022-06-01 16:56,26.9,-0.1,0.1
2022-06-01 16:57,27,0.1,0.1
2022-06-01 16:58,27,0,0
2022-06-01 16:59,27.1,0.1,0.1
2022-06-01 17:00,27.1,0,0
2022-06-01 17:01,27.1,0,0
2022-06-01 17:02,27.1,0,0
2022-06-01 17:03,27.1,0,0
2022-06-01 17:04,27.1,0,0
2022-06-01 17:05,27,-0.1,0.1
2022-06-01 17:06,27,0,0
2022-06-01 17:07,27,0,0
2022-06-01 17:08,27,0,0
2022-06-01 17:09,27,0,0
2022-06-01 17:10,27,0,0
2022-06-01 17:11,26.9,-0.1,0.1
2022-06-01 17:12,26.9,0,0
2022-06-01 17:13,26.9,0,0
2022-06-01 17:14,26.9,0,0
2022-06-01 17:15,26.9,0,0
2022-06-01 17:16,26.8,-0.1,0.1
2022-06-01 17:17,26.8,0,0
2022-06-01 17:18,26.8,0,0
2022-06-01 17:19,26.8,0,0
2022-06-01 17:20,26.8,0,0
2022-06-01 17:21,26.7,-0.1,0.1
2022-06-01 17:22,26.7,0,0
2022-06-01 17:23,26.7,0,0
2022-06-01 17:24,26.7,0,0
2022-06-01 17:25,26.8,0.1,0.1
2022-06-01 17:26,26.8,0,0
2022-06-01 17:27,26.8,0,0
2022-06-01 17:28,26.8,0,0
2022-06-01 17:29,26.8,0,0
2022-06-01 17:30,26.8,0,0
2022-06-01 17:31,26.7,-0.1,0.1
2022-06-01 17:32,26.6,-0.1,0.1
2022-06-01 17:33,26.6,0,0
2022-06-01 17:34,26.7,0.1,0.1
2022-06-01 17:35,26.6,-0.1,0.1
2022-06-01 17:36,26.6,0,0
2022-06-01 17:37,26.5,-0.1,0.1
2022-06-01 17:38,26.5,0,0
2022-06-01 17:39,26.6,0.1,0.1
2022-06-01 17:40,26.5,-0.1,0.1
2022-06-01 17:41,26.5,0,0
2022-06-01 17:42,26.6,0.1,0.1
2022-06-01 17:43,26.6,0,0
2022-06-01 17:44,26.5,-0.1,0.1
2022-06-01 17:45,26.5,0,0
2022-06-01 17:46,26.5,0,0
2022-06-01 17:47,26.5,0,0
2022-06-01 17:48,26.4,-0.1,0.1
2022-06-01 17:49,26.4,0,0
2022-06-01 17:50,26.4,0,0
2022-06-01 17:51,26.4,0,0
2022-06-01 17:52,26.3,-0.1,0.1
2022-06-01 17:53,26.3,0,0
2022-06-01 17:54,26.4,0.1,0.1
2022-06-01 17:55,26.4,0,0
2022-06-01 17:56,26.4,0,0
2022-06-01 17:57,26.4,0,0
2022-06-01 17:58,26.4,0,0
2022-06-01 17:59,26.4,0,0
2022-06-01 18:00,26.3,-0.1,0.1
2022-06-01 18:01,26.2,-0.1,0.1
2022-06-01 18:02,26.2,0,0
2022-06-01 18:03,26.2,0,0
2022-06-01 18:04,26.2,0,0
2022-06-01 18:05,26.2,0,0
2022-06-01 18:06,26.2,0,0
2022-06-01 18:07,26.1,-0.1,0.1
2022-06-01 18:08,26.1,0,0
2022-06-01 18:09,26.1,0,0
2022-06-01 18:10,26.1,0,0
2022-06-01 18:11,26.1,0,0
2022-06-01 18:12,26,-0.1,0.1
2022-06-01 18:13,25.9,-0.1,0.1
2022-06-01 18:14,25.9,0,0
2022-06-01 18:15,25.9,0,0
2022-06-01 18:16,25.8,-0.1,0.1
2022-06-01 18:17,25.8,0,0
2022-06-01 18:18,25.8,0,0
2022-06-01 18:19,25.7,-0.1,0.1
2022-06-01 18:20,25.6,-0.1,0.1
2022-06-01 18:21,25.6,0,0
2022-06-01 18:22,25.5,-0.1,0.1
2022-06-01 18:23,25.5,0,0
2022-06-01 18:24,25.5,0,0
2022-06-01 18:25,25.4,-0.1,0.1
2022-06-01 18:26,25.4,0,0
2022-06-01 18:27,25.4,0,0
2022-06-01 18:28,25.3,-0.1,0.1
2022-06-01 18:29,25.3,0,0
2022-06-01 18:30,25.2,-0.1,0.1
2022-06-01 18:31,25.2,0,0
2022-06-01 18:32,25.2,0,0
2022-06-01 18:33,25.1,-0.1,0.1
2022-06-01 18:34,25.1,0,0
2022-06-01 18:35,25.1,0,0
2022-06-01 18:36,25.1,0,0
2022-06-01 18:37,25,-0.1,0.1
2022-06-01 18:38,25,0,0
2022-06-01 18:39,25,0,0
2022-06-01 18:40,25,0,0
2022-06-01 18:41,25,0,0
2022-06-01 18:42,25,0,0
2022-06-01 18:43,24.9,-0.1,0.1
2022-06-01 18:44,24.9,0,0
2022-06-01 18:45,24.9,0,0
2022-06-01 18:46,24.9,0,0
2022-06-01 18:47,24.8,-0.1,0.1
2022-06-01 18:48,24.8,0,0
2022-06-01 18:49,24.7,-0.1,0.1
2022-06-01 18:50,24.7,0,0
2022-06-01 18:51,24.7,0,0
2022-06-01 18:52,24.6,-0.1,0.1
2022-06-01 18:53,24.6,0,0
2022-06-01 18:54,24.6,0,0
2022-06-01 18:55,24.5,-0.1,0.1
2022-06-01 18:56,24.5,0,0
2022-06-01 18:57,24.5,0,0
2022-06-01 18:58,24.4,-0.1,0.1
2022-06-01 18:59,24.4,0,0
2022-06-01 19:00,24.3,-0.1,0.1
2022-06-01 19:01,24.3,0,0
2022-06-01 19:02,24.2,-0.1,0.1
2022-06-01 19:03,24.2,0,0
2022-06-01 19:04,24.1,-0.1,0.1
2022-06-01 19:05,24.1,0,0
2022-06-01 19:06,24,-0.1,0.1
2022-06-01 19:07,24,0,0
2022-06-01 19:08,24,0,0
2022-06-01 19:09,23.9,-0.1,0.1
2022-06-01 19:10,23.9,0,0
2022-06-01 19:11,23.8,-0.1,0.1
2022-06-01 19:12,23.8,0,0
2022-06-01 19:13,23.8,0,0
2022-06-01 19:14,23.7,-0.1,0.1
2022-06-01 19:15,23.6,-0.1,0.1
2022-06-01 19:16,23.6,0,0
2022-06-01 19:17,23.6,0,0
2022-06-01 19:18,23.5,-0.1,0.1
2022-06-01 19:19,23.5,0,0
2022-06-01 19:20,23.4,-0.1,0.1
2022-06-01 19:21,23.4,0,0
2022-06-01 19:22,23.3,-0.1,0.1
2022-06-01 19:23,23.3,0,0
2022-06-01 19:24,23.3,0,0
2022-06-01 19:25,23.2,-0.1,0.1
2022-06-01 19:26,23.2,0,0
2022-06-01 19:27,23.1,-0.1,0.1
2022-06-01 19:28,23.1,0,0
2022-06-01 19:29,23.1,0,0
2022-06-01 19:30,23,-0.1,0.1
2022-06-01 19:31,23,0,0
2022-06-01 19:32,23,0,0
2022-06-01 19:33,22.9,-0.1,0.1
2022-06-01 19:34,22.9,0,0
2022-06-01 19:35,22.9,0,0
2022-06-01 19:36,22.8,-0.1,0.1
2022-06-01 19:37,22.8,0,0
2022-06-01 19:38,22.7,-0.1,0.1
2022-06-01 19:39,22.7,0,0
2022-06-01 19:40,22.7,0,0
2022-06-01 19:41,22.7,0,0
2022-06-01 19:42,22.6,-0.1,0.1
2022-06-01 19:43,22.6,0,0
2022-06-01 19:44,22.6,0,0
2022-06-01 19:45,22.6,0,0
2022-06-01 19:46,22.5,-0.1,0.1
2022-06-01 19:47,22.5,0,0
2022-06-01 19:48,22.5,0,0
2022-06-01 19:49,22.5,0,0
2022-06-01 19:50,22.4,-0.1,0.1
2022-06-01 19:51,22.4,0,0
2022-06-01 19:52,22.3,-0.1,0.1
2022-06-01 19:53,22.3,0,0
2022-06-01 19:54,22.3,0,0
2022-06-01 19:55,22.3,0,0
2022-06-01 19:56,22.3,0,0
2022-06-01 19:57,22.3,0,0
2022-06-01 19:58,22.3,0,0
2022-06-01 19:59,22.2,-0.1,0.1
2022-06-01 20:00,22.2,0,0
2022-06-01 20:01,22.2,0,0
2022-06-01 20:02,22.2,0,0
2022-06-01 20:03,22.1,-0.1,0.1
2022-06-01 20:04,22.1,0,0
2022-06-01 20:05,22.1,0,0
2022-06-01 20:06,22.1,0,0
2022-06-01 20:07,22.1,0,0
2022-06-01 20:08,22,-0.1,0.1
2022-06-01 20:09,22,0,0
2022-06-01 20:10,22,0,0
2022-06-01 20:11,22,0,0
2022-06-01 20:12,21.9,-0.1,0.1
2022-06-01 20:13,21.9,0,0
2022-06-01 20:14,21.9,0,0
2022-06-01 20:15,21.9,0,0
2022-06-01 20:16,21.9,0,0
2022-06-01 20:17,21.8,-0.1,0.1
2022-06-01 20:18,21.8,0,0
2022-06-01 20:19,21.8,0,0
2022-06-01 20:20,21.7,-0.1,0.1
2022-06-01 20:21,21.7,0,0
2022-06-01 20:22,21.7,0,0
2022-06-01 20:23,21.7,0,0
2022-06-01 20:24,21.7,0,0
2022-06-01 20:25,21.7,0,0
2022-06-01 20:26,21.7,0,0
2022-06-01 20:27,21.7,0,0
2022-06-01 20:28,21.7,0,0
2022-06-01 20:29,21.7,0,0
2022-06-01 20:30,21.6,-0.1,0.1
2022-06-01 20:31,21.6,0,0
2022-06-01 20:32,21.6,0,0
2022-06-01 20:33,21.5,-0.1,0.1
2022-06-01 20:34,21.5,0,0
2022-06-01 20:35,21.5,0,0
2022-06-01 20:36,21.5,0,0
2022-06-01 20:37,21.4,-0.1,0.1
2022-06-01 20:38,21.4,0,0
2022-06-01 20:39,21.4,0,0
2022-06-01 20:40,21.3,-0.1,0.1
2022-06-01 20:41,21.3,0,0
2022-06-01 20:42,21.3,0,0
2022-06-01 20:43,21.2,-0.1,0.1
2022-06-01 20:44,21.2,0,0
2022-06-01 20:45,21.1,-0.1,0.1
2022-06-01 20:46,21.1,0,0
2022-06-01 20:47,21.1,0,0
2022-06-01 20:48,21,-0.1,0.1
2022-06-01 20:49,21,0,0
2022-06-01 20:50,21,0,0
2022-06-01 20:51,20.9,-0.1,0.1
2022-06-01 20:52,20.9,0,0
2022-06-01 20:53,20.9,0,0
2022-06-01 20:54,20.8,-0.1,0.1
2022-06-01 20:55,20.8,0,0
2022-06-01 20:56,20.8,0,0
2022-06-01 20:57,20.7,-0.1,0.1
2022-06-01 20:58,20.7,0,0
2022-06-01 20:59,20.7,0,0
2022-06-01 21:00,20.7,0,0
2022-06-01 21:01,20.7,0,0
2022-06-01 21:02,20.6,-0.1,0.1
2022-06-01 21:03,20.6,0,0
2022-06-01 21:04,20.6,0,0
2022-06-01 21:05,20.6,0,0
2022-06-01 21:06,20.5,-0.1,0.1
2022-06-01 21:07,20.5,0,0
2022-06-01 21:08,20.4,-0.1,0.1
2022-06-01 21:09,20.4,0,0
2022-06-01 21:10,20.4,0,0
2022-06-01 21:11,20.4,0,0
2022-06-01 21:12,20.4,0,0
2022-06-01 21:13,20.3,-0.1,0.1
2022-06-01 21:14,20.3,0,0
2022-06-01 21:15,20.3,0,0
2022-06-01 21:16,20.3,0,0
2022-06-01 21:17,20.3,0,0
2022-06-01 21:18,20.2,-0.1,0.1
2022-06-01 21:19,20.2,0,0
2022-06-01 21:20,20.2,0,0
2022-06-01 21:21,20.2,0,0
2022-06-01 21:22,20.1,-0.1,0.1
2022-06-01 21:23,20.1,0,0
2022-06-01 21:24,20.1,0,0
2022-06-01 21:25,20.1,0,0
2022-06-01 21:26,20.1,0,0
2022-06-01 21:27,20.1,0,0
2022-06-01 21:28,20,-0.1,0.1
2022-06-01 21:29,20,0,0
2022-06-01 21:30,20,0,0
2022-06-01 21:31,20,0,0
2022-06-01 21:32,20,0,0
2022-06-01 21:33,20,0,0
2022-06-01 21:34,20,0,0
2022-06-01 21:35,19.9,-0.1,0.1
2022-06-01 21:36,19.9,0,0
2022-06-01 21:37,19.9,0,0
2022-06-01 21:38,19.9,0,0
2022-06-01 21:39,19.8,-0.1,0.1
2022-06-01 21:40,19.8,0,0
2022-06-01 21:41,19.8,0,0
2022-06-01 21:42,19.8,0,0
2022-06-01 21:43,19.8,0,0
2022-06-01 21:44,19.8,0,0
2022-06-01 21:45,19.8,0,0
2022-06-01 21:46,19.8,0,0
2022-06-01 21:47,19.8,0,0
2022-06-01 21:48,19.8,0,0
2022-06-01 21:49,19.7,-0.1,0.1
2022-06-01 21:50,19.7,0,0
2022-06-01 21:51,19.7,0,0
2022-06-01 21:52,19.7,0,0
2022-06-01 21:53,19.7,0,0
2022-06-01 21:54,19.7,0,0
2022-06-01 21:55,19.7,0,0
2022-06-01 21:56,19.7,0,0
2022-06-01 21:57,19.6,-0.1,0.1
2022-06-01 21:58,19.6,0,0
2022-06-01 21:59,19.6,0,0
2022-06-01 22:00,19.6,0,0
2022-06-01 22:01,19.6,0,0
2022-06-01 22:02,19.5,-0.1,0.1
2022-06-01 22:03,19.5,0,0
2022-06-01 22:04,19.5,0,0
2022-06-01 22:05,19.5,0,0
2022-06-01 22:06,19.5,0,0
2022-06-01 22:07,19.5,0,0
2022-06-01 22:08,19.5,0,0
2022-06-01 22:09,19.5,0,0
2022-06-01 22:10,19.5,0,0
2022-06-01 22:11,19.4,-0.1,0.1
2022-06-01 22:12,19.4,0,0
2022-06-01 22:13,19.4,0,0
2022-06-01 22:14,19.4,0,0
2022-06-01 22:15,19.4,0,0
2022-06-01 22:16,19.4,0,0
2022-06-01 22:17,19.4,0,0
2022-06-01 22:18,19.4,0,0
2022-06-01 22:19,19.4,0,0
2022-06-01 22:20,19.3,-0.1,0.1
2022-06-01 22:21,19.3,0,0
2022-06-01 22:22,19.3,0,0
2022-06-01 22:23,19.3,0,0
2022-06-01 22:24,19.3,0,0
2022-06-01 22:25,19.3,0,0
2022-06-01 22:26,19.3,0,0
2022-06-01 22:27,19.3,0,0
2022-06-01 22:28,19.3,0,0
2022-06-01 22:29,19.3,0,0
2022-06-01 22:30,19.3,0,0
2022-06-01 22:31,19.2,-0.1,0.1
2022-06-01 22:32,19.2,0,0
2022-06-01 22:33,19.2,0,0
2022-06-01 22:34,19.2,0,0
2022-06-01 22:35,19.2,0,0
2022-06-01 22:36,19.2,0,0
2022-06-01 22:37,19.2,0,0
2022-06-01 22:38,19.1,-0.1,0.1
2022-06-01 22:39,19.1,0,0
2022-06-01 22:40,19.1,0,0
2022-06-01 22:41,19.1,0,0
2022-06-01 22:42,19.1,0,0
2022-06-01 22:43,19,-0.1,0.1
2022-06-01 22:44,19.1,0.1,0.1
2022-06-01 22:45,19.1,0,0
2022-06-01 22:46,19.1,0,0
2022-06-01 22:47,19,-0.1,0.1
2022-06-01 22:48,19,0,0
2022-06-01 22:49,19,0,0
2022-06-01 22:50,19,0,0
2022-06-01 22:51,19,0,0
2022-06-01 22:52,19,0,0
2022-06-01 22:53,19,0,0
2022-06-01 22:54,19,0,0
2022-06-01 22:55,18.9,-0.1,0.1
2022-06-01 22:56,18.9,0,0
2022-06-01 22:57,18.9,0,0
2022-06-01 22:58,18.9,0,0
2022-06-01 22:59,18.9,0,0
2022-06-01 23:00,18.9,0,0
2022-06-01 23:01,18.9,0,0
2022-06-01 23:02,18.9,0,0
2022-06-01 23:03,18.9,0,0
2022-06-01 23:04,18.9,0,0
2022-06-01 23:05,18.9,0,0
2022-06-01 23:06,18.9,0,0
2022-06-01 23:07,18.9,0,0
2022-06-01 23:08,18.9,0,0
2022-06-01 23:09,18.9,0,0
2022-06-01 23:10,18.9,0,0
2022-06-01 23:11,18.9,0,0
2022-06-01 23:12,18.8,-0.1,0.1
2022-06-01 23:13,18.8,0,0
2022-06-01 23:14,18.8,0,0
2022-06-01 23:15,18.8,0,0
2022-06-01 23:16,18.8,0,0
2022-06-01 23:17,18.8,0,0
2022-06-01 23:18,18.8,0,0
2022-06-01 23:19,18.8,0,0
2022-06-01 23:20,18.8,0,0
2022-06-01 23:21,18.8,0,0
2022-06-01 23:22,18.7,-0.1,0.1
2022-06-01 23:23,18.7,0,0
2022-06-01 23:24,18.7,0,0
2022-06-01 23:25,18.7,0,0
2022-06-01 23:26,18.7,0,0
2022-06-01 23:27,18.6,-0.1,0.1
2022-06-01 23:28,18.6,0,0
2022-06-01 23:29,18.6,0,0
2022-06-01 23:30,18.6,0,0
2022-06-01 23:31,18.6,0,0
2022-06-01 23:32,18.5,-0.1,0.1
2022-06-01 23:33,18.5,0,0
2022-06-01 23:34,18.4,-0.1,0.1
2022-06-01 23:35,18.4,0,0
2022-06-01 23:36,18.4,0,0
2022-06-01 23:37,18.4,0,0
2022-06-01 23:38,18.4,0,0
2022-06-01 23:39,18.4,0,0
2022-06-01 23:40,18.3,-0.1,0.1
2022-06-01 23:41,18.3,0,0
2022-06-01 23:42,18.3,0,0
2022-06-01 23:43,18.3,0,0
2022-06-01 23:44,18.3,0,0
2022-06-01 23:45,18.3,0,0
2022-06-01 23:46,18.3,0,0
2022-06-01 23:47,18.3,0,0
2022-06-01 23:48,18.3,0,0
2022-06-01 23:49,18.3,0,0
2022-06-01 23:50,18.3,0,0
2022-06-01 23:51,18.3,0,0
2022-06-01 23:52,18.3,0,0
2022-06-01 23:53,18.3,0,0
2022-06-01 23:54,18.2,-0.1,0.1
2022-06-01 23:55,18.2,0,0
2022-06-01 23:56,18.2,0,0
2022-06-01 23:57,18.2,0,0
2022-06-01 23:58,18.2,0,0
2022-06-01 23:59,18.2,0,0
2022-06-02 0:00,18.1,-0.1,0.1
